排名,板块名称,板块代码,最新价,涨跌额,涨跌幅,总市值,换手率,上涨家数,下跌家数,领涨股票,领涨股票-涨跌幅
1,智谱AI,BK1182,1321.31,37.24,2.9,466541792000,16.92,22,13,威派格,10.0
2,昨日连板_含一字,BK1051,2957.82,80.77,2.81,359579152000,14.32,15,8,杭钢股份,9.99
3,昨日连板,BK0816,28.97,0.77,2.73,172156474000,14.2,8,5,威派格,10.0
4,短剧互动游戏,BK1151,1289.65,31.03,2.47,391848128000,12.12,16,11,天威视讯,9.98
5,影视概念,BK0847,928.2,22.05,2.43,663658944000,6.49,36,26,欢瑞世纪,10.08
6,昨日涨停_含一字,BK1050,147584.13,3377.65,2.34,1512883856000,12.68,60,34,杭齿前进,10.0
7,猪肉概念,BK0882,1169.46,25.45,2.22,848565808000,3.04,31,6,正虹科技,10.06
8,鸡肉概念,BK0887,715.95,14.1,2.01,354742192000,2.07,19,1,巨星农牧,10.01
9,VPN,BK0885,1301.21,23.02,1.8,345097744000,9.31,11,10,宁波建工,10.06
10,昨日涨停,BK0815,584.18,10.09,1.76,1380060832000,12.48,50,33,杭齿前进,10.0
11,白酒,BK0896,2097.6,34.55,1.67,3506555040000,1.69,35,11,岩石股份,9.96
12,抖音小店,BK0928,1184.85,18.12,1.55,262285260000,6.11,15,12,华扬联众,10.0
13,中超概念,BK0635,2167.11,29.53,1.38,213556707000,1.38,5,3,华夏幸福,10.12
14,AI语料,BK1172,1072.21,14.42,1.36,405123344000,13.86,12,13,福石控股,19.94
15,阿兹海默,BK0894,1653.29,21.04,1.29,140683885000,4.29,8,6,双成药业,10.0
16,在线旅游,BK0692,1598.07,19.25,1.22,226522473000,4.21,16,10,华策影视,11.89
17,Sora概念,BK1159,1728.27,20.05,1.17,409013104000,14.63,20,20,福石控股,19.94
18,麒麟电池,BK1092,1202.7,13.72,1.15,1250779824000,4.16,4,5,瑞泰新材,20.0
19,快手概念,BK0972,1761.29,18.5,1.06,318918368000,16.68,20,12,浙文互联,10.05
20,ChatGPT概念,BK1126,2141.85,17.45,0.82,2199570592000,8.08,32,46,威派格,10.0
21,小红书概念,BK1187,1168.08,9.28,0.8,502955872000,14.11,30,29,华扬联众,10.0
22,手游概念,BK0642,1270.25,10.08,0.8,828935120000,7.16,23,25,华谊兄弟,19.86
23,DeepSeek概念,BK1188,1287.78,9.88,0.77,2091605904000,9.53,41,56,杭钢股份,9.99
24,Web3.0,BK1110,1857.59,13.25,0.72,517116864000,11.29,22,25,华扬联众,10.0
25,东数西算,BK1064,1698.13,11.9,0.71,1145183824000,7.41,25,34,华扬联众,10.0
26,社区团购,BK0965,882.34,6.02,0.69,592378816000,5.25,19,19,东方集团,10.23
27,虚拟数字人,BK1055,1302.46,8.45,0.65,3514569168000,11.69,40,41,华扬联众,10.0
28,谷子经济,BK1183,1099.2,7.08,0.65,566661680000,10.44,26,32,光线传媒,19.98
29,赛马概念,BK0709,701.98,4.35,0.62,18985439000,3.98,2,1,新 华 都,2.17
30,阿里概念,BK0689,2469.71,14.84,0.6,3095627216000,4.3,53,59,杭钢股份,9.99
31,RCS概念,BK0919,1444.73,8.46,0.59,226024482000,6.8,10,12,华扬联众,10.0
32,钠离子电池,BK0988,1233.48,7.15,0.58,1916473888000,2.31,19,29,瑞泰新材,20.0
33,网络游戏,BK0509,12460.59,68.66,0.55,1066007760000,8.2,31,39,光线传媒,19.98
34,MLOps概念,BK1132,1151.23,5.81,0.51,202459778000,8.74,4,6,宇信科技,14.69
35,低价股,BK1053,991.18,4.95,0.5,1930979392000,2.05,83,98,东方集团,10.23
36,AIGC概念,BK1111,2081.14,10.05,0.49,2087953600000,10.88,46,65,浙文互联,10.05
37,数据安全,BK1047,1044.7,4.94,0.48,1029268992000,5.5,30,49,南威软件,10.0
38,Kimi概念,BK1169,1227.23,5.71,0.47,565318896000,13.57,12,13,浙文互联,10.05
39,网红直播,BK0940,691.03,3.19,0.46,1763208544000,8.07,62,66,华扬联众,10.0
40,算力概念,BK1134,1571.06,6.91,0.44,6606320640000,6.02,57,82,航锦科技,10.0
41,云游戏,BK0903,1257.83,5.49,0.44,338315920000,5.71,12,13,优刻得-W,10.87
42,环氧丙烷,BK1011,540.39,2.23,0.41,332145136000,1.38,5,10,航锦科技,10.0
43,智能电视,BK0656,1227.58,4.75,0.39,309465600000,6.78,6,8,四川长虹,10.03
44,蚂蚁概念,BK0937,741.25,2.86,0.39,4993008128000,1.34,25,31,南威软件,10.0
45,PPP模式,BK0721,678.18,2.51,0.37,2267273776000,1.93,62,85,中设股份,9.98
46,京东金融,BK0849,1474.75,4.78,0.33,235355522000,1.31,4,6,任子行,6.29
47,REITs概念,BK0992,815.02,2.54,0.31,850670096000,2.31,10,10,电子城,9.98
48,首发经济,BK1186,961.66,2.96,0.31,312152560000,9.15,17,22,锦和商管,9.93
49,超级品牌,BK0811,2328.36,6.72,0.29,8654935808000,1.81,19,12,泸州老窖,3.85
50,抖音概念(字节概念),BK0923,1467.08,4.22,0.29,874153744000,12.41,36,41,华扬联众,10.0
51,装配建筑,BK0945,939.93,2.47,0.26,1446784864000,2.2,41,47,宁波建工,10.06
52,土地流转,BK0632,1572.52,3.96,0.25,450872400000,2.39,20,27,杭钢股份,9.99
53,空间计算,BK1143,1255.17,3.15,0.25,149481621000,8.73,8,15,宏景科技,20.0
54,新零售,BK0825,941.41,2.29,0.24,2553847760000,3.51,61,76,华扬联众,10.0
55,预制菜概念,BK1025,1033.72,2.31,0.22,645556016000,4.12,33,23,供销大集,6.91
56,低碳冶金,BK0979,897.55,1.92,0.21,301209824000,0.49,5,1,酒钢宏兴,1.31
57,乳业,BK0892,973.02,2.01,0.21,436731504000,1.82,13,16,一鸣食品,4.63
58,粮食概念,BK1086,781.31,1.54,0.2,207147923000,3.71,10,14,东方集团,10.23
59,新型城镇化,BK1080,863.5,1.45,0.17,426056432000,3.35,37,61,锦和商管,9.93
60,国资云概念,BK1008,1503.13,2.18,0.15,396399296000,7.43,6,13,杭钢股份,9.99
61,乡村振兴,BK0834,1402.44,1.78,0.13,1380658176000,4.47,50,82,华扬联众,10.0
62,地下管网,BK1058,933.7,1.14,0.12,297630464000,1.64,12,29,中设股份,9.98
63,跨境支付,BK1071,1637.32,1.9,0.12,11641340160000,0.47,20,30,东方集团,10.23
64,京津冀,BK0684,1565.61,1.68,0.11,583023312000,2.63,22,29,华夏幸福,10.12
65,数字经济,BK1061,1271.77,1.36,0.11,1845066752000,8.93,54,105,华扬联众,10.0
66,免税概念,BK0927,1267.63,1.32,0.1,935734176000,2.21,14,16,供销大集,6.91
67,海绵城市,BK0724,921.96,0.78,0.08,295558720000,4.46,16,20,顾地科技,9.95
68,参股银行,BK0525,10355.25,8.52,0.08,11292117248000,1.35,74,140,杭齿前进,10.0
69,NFT概念,BK0997,1580.68,1.29,0.08,541937936000,7.32,21,34,浙文互联,10.05
70,化债(AMC)概念,BK0980,1017.31,0.37,0.04,1043461888000,3.7,16,42,杭齿前进,10.0
71,拼多多概念,BK0957,1313.59,0.44,0.03,154854572000,8.37,10,14,美登科技,4.33
72,数据要素,BK1135,1170.44,0.21,0.02,1881045456000,7.3,44,84,航锦科技,10.0
73,固态电池,BK0968,1560.76,0.03,0.0,4831724544000,3.43,65,95,瑞泰新材,20.0
74,远程办公,BK0912,1581.89,-0.11,-0.01,838957232000,9.04,13,26,金桥信息,10.02
75,广电,BK0904,1530.8,-0.34,-0.02,260708844000,4.62,13,14,天威视讯,9.98
76,房屋检测,BK1179,1288.75,-0.32,-0.02,219268807000,2.82,10,26,中设股份,9.98
77,水产养殖,BK0967,806.16,-0.23,-0.03,246830881000,3.47,8,9,神农种业,1.79
78,数据中心,BK0922,1698.16,-0.49,-0.03,6364028672000,5.98,74,131,华扬联众,10.0
79,破净股,BK1112,1256.28,-0.37,-0.03,20768136192000,0.64,149,247,东方集团,10.23
80,粤港自贸,BK0677,2917.73,-0.87,-0.03,1044369808000,2.6,22,45,梅雁吉祥,10.11
81,云计算,BK0579,3141.64,-0.95,-0.03,8369668608000,6.4,80,151,杭钢股份,9.99
82,钒电池,BK1095,1115.6,-0.4,-0.04,524499280000,3.46,4,15,四川长虹,10.03
83,世界杯,BK1105,1676.23,-0.68,-0.04,2615554144000,3.76,6,11,万达电影,9.99
84,长寿药,BK0936,842.98,-0.63,-0.07,122827749000,3.06,5,10,*ST普利,5.64
85,沪企改革,BK0672,2640.68,-2.15,-0.08,989606448000,2.82,15,25,大众交通,4.59
86,供销社概念,BK1109,996.08,-0.86,-0.09,135855824000,5.9,4,10,供销大集,6.91
87,啤酒概念,BK1073,988.33,-0.87,-0.09,235441580000,0.93,5,11,青岛啤酒,2.09
88,茅指数,BK0999,698.82,-0.63,-0.09,12888542976000,1.14,21,21,泸州老窖,3.85
89,C2M概念,BK0955,1145.8,-1.07,-0.09,308478016000,4.13,13,23,美邦服饰,9.81
90,GDR,BK0868,865.51,-0.89,-0.1,1461773024000,0.81,5,5,华泰证券,0.68
91,统一大市场,BK1077,1111.08,-1.2,-0.11,367165376000,2.89,13,26,华光源海,11.28
92,肝素概念,BK0944,826.95,-0.94,-0.11,202655731000,1.38,3,8,华北制药,3.7
93,通用航空,BK0625,5607.82,-6.82,-0.12,1104128880000,3.29,16,24,华夏幸福,10.12
94,超级电容,BK0703,3425.78,-4.47,-0.13,614805680000,2.68,10,24,瑞泰新材,20.0
95,数据确权,BK1118,1653.47,-2.22,-0.13,311464592000,11.35,12,22,南威软件,10.0
96,央视50_,BK0610,2222.05,-3.34,-0.15,15549866752000,0.38,22,28,迪安诊断,5.9
97,超级真菌,BK0862,951.79,-1.54,-0.16,467911968000,1.92,6,15,*ST普利,5.64
98,数字水印,BK1129,1111.81,-1.8,-0.16,120345410000,10.32,7,9,视觉中国,10.0
99,证金持股,BK0718,1300.13,-2.18,-0.17,36924872960000,0.64,90,135,用友网络,9.99
100,元宇宙概念,BK1009,2158.13,-3.67,-0.17,4672261120000,7.58,53,88,华扬联众,10.0
101,冰雪经济,BK1185,880.63,-1.57,-0.18,228225278000,5.96,14,20,华策影视,11.89
102,净水概念,BK1068,1100.37,-1.97,-0.18,1135329408000,1.12,7,12,威派格,10.0
103,B股,BK0636,902.67,-1.63,-0.18,439292064000,0.23,29,41,陆家Ｂ股,2.77
104,体育产业,BK0708,1183.68,-2.19,-0.18,825884272000,3.24,27,43,顾地科技,9.95
105,上证50_,BK0611,1801.08,-3.52,-0.2,26858324992000,0.28,20,28,山西汾酒,6.75
106,PVDF概念,BK1012,813.38,-1.62,-0.2,264293812000,1.82,4,10,回天新材,6.02
107,减肥药,BK1146,886.13,-1.77,-0.2,364829664000,1.83,7,17,*ST普利,5.64
108,ST股,BK0511,5368.36,-10.77,-0.2,472289200000,1.6,38,74,*ST宁科,4.89
109,中字头,BK0505,8018.3,-18.39,-0.23,16219631104000,0.49,35,67,中国电影,9.54
110,电商概念,BK0665,2013.2,-4.68,-0.23,6467382016000,3.62,123,206,华扬联众,10.0
111,雄安新区,BK0813,867.24,-2.09,-0.24,2610127520000,2.25,53,105,中设股份,9.98
112,知识产权,BK0839,1879.48,-4.65,-0.25,395168048000,7.54,12,29,视觉中国,10.0
113,肝炎概念,BK1078,1100.54,-2.75,-0.25,411970384000,2.17,9,36,双成药业,10.0
114,地塞米松,BK0929,1158.01,-2.9,-0.25,77831893000,1.63,2,8,金种子酒,5.6
115,百度概念,BK0845,1783.77,-4.59,-0.26,2733055216000,8.74,53,92,华扬联众,10.0
116,标准普尔,BK0879,1447.15,-3.9,-0.27,56776295424000,1.26,355,654,航锦科技,10.0
117,内贸流通,BK1001,1195.98,-3.24,-0.27,1469337648000,3.43,50,107,居然智家,10.0
118,进口博览,BK0850,993.39,-2.89,-0.29,240909150000,1.25,7,8,美凯龙,2.19
119,在线教育,BK0662,2211.1,-6.73,-0.3,1603675264000,7.91,40,79,华扬联众,10.0
120,医疗美容,BK0889,1481.67,-4.61,-0.31,956666032000,1.46,21,45,迪安诊断,5.9
121,SPD概念,BK1147,915.14,-2.94,-0.32,70176987000,3.17,3,7,华人健康,10.84
122,毛发医疗,BK0996,787.05,-2.57,-0.33,86387031000,1.39,5,10,ST美谷,0.6
123,中特估,BK1139,1066.98,-3.59,-0.34,23157210624000,0.32,31,45,烽火通信,6.0
124,参股券商,BK0514,13221.36,-44.49,-0.34,4061245600000,1.9,42,83,正虹科技,10.06
125,电子竞技,BK0853,1379.07,-4.75,-0.34,3086226064000,3.54,14,20,浙文互联,10.05
126,上证180_,BK0612,1471.11,-5.09,-0.34,42565440256000,0.4,62,110,用友网络,9.99
127,共享经济,BK0807,808.84,-2.85,-0.35,238007782000,2.59,5,12,迪安诊断,5.9
128,单抗概念,BK0870,1362.04,-4.83,-0.35,1361135872000,1.08,11,36,华北制药,3.7
129,壳资源,BK0820,989.01,-3.59,-0.36,256832149000,5.55,17,60,正虹科技,10.06
130,免疫治疗,BK0698,1244.75,-4.56,-0.37,442724672000,1.27,10,32,*ST普利,5.64
131,化工原料,BK0512,20447.84,-78.09,-0.38,1146598464000,1.84,17,51,航锦科技,10.0
132,中药概念,BK0615,1979.59,-7.78,-0.39,1881350704000,1.56,38,96,老百姓,3.47
133,区块链,BK0830,1081.36,-4.26,-0.39,8466693888000,2.93,74,152,华扬联众,10.0
134,锂矿概念,BK1173,1158.83,-4.64,-0.4,2428266272000,1.5,13,24,宁德时代,2.39
135,万达概念,BK0831,1002.53,-4.09,-0.41,587544272000,1.28,7,5,津滨发展,1.7
136,煤化工,BK0492,8664.41,-36.04,-0.41,2375388256000,1.36,15,53,君正集团,7.54
137,科创板做市商,BK1107,1416.35,-5.94,-0.42,1780424144000,0.74,3,11,华泰证券,0.68
138,光伏高速公路,BK1096,1274.05,-5.38,-0.42,104918070000,0.56,2,5,现代投资,0.24
139,农业种植,BK0888,2018.93,-8.68,-0.43,728417376000,3.62,20,62,东方集团,10.23
140,参股新三板,BK0600,2465.47,-10.63,-0.43,1482576640000,5.29,26,74,光线传媒,19.98
141,东北振兴,BK0838,1096.47,-4.73,-0.43,634894464000,1.97,12,45,东方集团,10.23
142,小金属概念,BK0695,2300.97,-10.25,-0.44,2742064112000,1.44,32,78,梅雁吉祥,10.11
143,参股保险,BK0604,2338.8,-10.44,-0.44,5841121536000,1.06,26,55,岭南股份,10.0
144,独家药品,BK0676,2301.53,-10.42,-0.45,722656400000,1.13,9,27,葫芦娃,1.57
145,尾气治理,BK0932,1346.51,-6.23,-0.46,231117844000,3.27,7,27,艾可蓝,20.02
146,富时罗素,BK0867,1504.02,-6.96,-0.46,62260315392000,1.52,404,844,航锦科技,10.0
147,国企改革,BK0683,4095.8,-18.97,-0.46,36397413120000,1.47,356,941,杭齿前进,10.0
148,租售同权,BK0822,745.34,-3.5,-0.47,430219600000,3.7,7,9,滨江集团,5.71
149,水利建设,BK0597,1558.22,-7.32,-0.47,2078341136000,2.28,29,76,威派格,10.0
150,RCEP概念,BK0962,1042.92,-4.92,-0.47,214381586000,2.0,7,14,华英农业,2.47
151,生态农业,BK0669,1193.41,-5.63,-0.47,270914432000,2.38,13,27,正邦科技,7.17
152,青蒿素,BK0872,1511.54,-7.15,-0.47,274025248000,1.02,2,8,昆药集团,3.22
153,流感,BK0906,1413.19,-6.79,-0.48,1289557248000,1.74,27,85,迪安诊断,5.9
154,彩票概念,BK0671,2368.21,-11.42,-0.48,393616800000,5.1,10,12,君正集团,7.54
155,AH股,BK0499,7461.11,-36.43,-0.49,33160611072000,0.43,54,92,上海电气,2.69
156,MSCI中国,BK0821,1175.5,-5.77,-0.49,65044330752000,0.89,166,379,四川长虹,10.03
157,基因测序,BK0693,1788.3,-8.8,-0.49,537653808000,6.22,13,39,迪安诊断,5.9
158,AB股,BK0498,10709.27,-52.81,-0.49,1372174048000,1.97,21,47,大众交通,4.59
159,航母概念,BK0715,828.08,-4.11,-0.49,1145615504000,1.13,10,25,东方锆业,3.08
160,宁组合,BK1000,513.09,-2.56,-0.5,4182458576000,1.32,6,18,爱美客,3.84
161,智慧政务,BK0886,1372.76,-6.91,-0.5,673762976000,10.48,25,55,南威软件,10.0
162,汽车拆解,BK0943,1032.56,-5.2,-0.5,271314128000,1.71,4,14,杭钢股份,9.99
163,数字阅读,BK0959,1653.86,-8.65,-0.52,205273217000,2.73,5,14,世纪恒通,3.23
164,互联医疗,BK0837,984.82,-5.17,-0.52,5027541248000,3.47,30,67,四川长虹,10.03
165,草甘膦,BK0950,1403.58,-7.4,-0.52,154407152000,1.11,4,9,扬农化工,1.21
166,生物疫苗,BK0548,24371.75,-129.82,-0.53,1032724416000,2.19,20,49,君正集团,7.54
167,职业教育,BK1022,1239.7,-6.74,-0.54,674281536000,6.69,21,50,梅雁吉祥,10.11
168,预亏预减,BK0570,1851.04,-10.11,-0.54,11407571712000,3.15,340,903,杭钢股份,9.99
169,合成生物,BK1174,1019.24,-5.57,-0.54,1180998336000,2.45,25,84,双成药业,10.0
170,辅助生殖,BK0939,944.54,-5.2,-0.55,508827024000,2.43,13,40,迪安诊断,5.9
171,民爆概念,BK1066,1238.01,-6.87,-0.55,161480175000,2.05,4,13,晓程科技,2.21
172,长江三角,BK0594,2365.63,-13.13,-0.55,8400619264000,2.6,111,287,杭钢股份,9.99
173,地摊经济,BK0924,1804.31,-10.14,-0.56,615482096000,3.23,10,24,*ST人乐,3.77
174,有机硅,BK0961,1149.05,-6.52,-0.56,292125152000,2.22,4,27,瑞泰新材,20.0
175,超超临界发电,BK1087,1130.73,-6.43,-0.57,853759552000,0.9,12,28,川润股份,2.73
176,快递概念,BK0990,868.54,-4.94,-0.57,581310256000,1.59,12,29,圆通速递,3.68
177,参股期货,BK0524,28166.15,-162.76,-0.57,3032224112000,1.68,12,32,东北证券,5.08
178,噪声防治,BK1082,1180.74,-6.83,-0.58,30734254000,4.08,2,5,德尔股份,3.87
179,财税数字化,BK1176,1725.74,-10.03,-0.58,552501104000,9.23,12,27,宏景科技,20.0
180,中证500,BK0701,1946.56,-11.41,-0.58,13528642560000,2.04,129,351,杭钢股份,9.99
181,HS300_,BK0500,10274.69,-60.37,-0.58,56772566272000,0.54,96,196,用友网络,9.99
182,磷化工,BK1010,660.18,-3.92,-0.59,698124368000,1.53,8,34,粤桂股份,10.02
183,退税商店,BK0933,1199.34,-7.17,-0.59,143047125000,1.64,3,6,杭州解百,0.99
184,痘病毒防治,BK1085,753.42,-4.51,-0.6,618739904000,2.07,9,46,迪安诊断,5.9
185,互联金融,BK0637,4853.25,-29.41,-0.6,19527470592000,0.91,52,153,立方数科,20.05
186,信创,BK1104,1836.77,-11.16,-0.6,3793598960000,9.54,68,170,威派格,10.0
187,婴童概念,BK0664,1401.65,-8.63,-0.61,1221829344000,3.33,36,103,美邦服饰,9.81
188,电子车牌,BK0982,1406.1,-8.79,-0.62,167683128000,6.0,2,16,南威软件,10.0
189,数字孪生,BK0861,1417.87,-8.94,-0.63,982286816000,3.58,19,59,金桥信息,10.02
190,成渝特区,BK0534,18001.5,-113.95,-0.63,2247107008000,2.24,19,67,欢瑞世纪,10.08
191,创投,BK0506,14778.66,-94.39,-0.63,4638846720000,3.71,75,212,华扬联众,10.0
192,健康中国,BK0719,1099.52,-7.04,-0.64,1469505296000,2.77,34,65,科恒股份,6.67
193,动力电池回收,BK1052,704.26,-4.55,-0.64,698597520000,2.03,11,27,宁波精达,4.53
194,大数据,BK0634,4935.8,-31.98,-0.64,5291047424000,6.19,90,212,华扬联众,10.0
195,液冷概念,BK1138,1162.66,-7.58,-0.65,1142194848000,7.75,17,42,数据港,10.01
196,换电概念,BK0985,1329.47,-8.69,-0.65,847836608000,2.7,13,36,中恒电气,9.99
197,冷链物流,BK0852,1722.95,-11.28,-0.65,1545137520000,2.85,31,78,巨轮智能,6.96
198,蒙脱石散,BK1123,934.21,-6.16,-0.66,55758319000,1.77,1,10,中 关 村,0.42
199,IPO受益,BK0697,3196.54,-21.22,-0.66,2159630880000,2.44,10,46,东方集团,10.23
200,一带一路,BK0712,1261.23,-8.41,-0.66,13594420224000,1.08,99,333,杭齿前进,10.0
201,稀缺资源,BK0519,21871.66,-146.3,-0.66,3021332208000,0.99,15,59,科恒股份,6.67
202,并购重组概念,BK1181,1009.72,-6.77,-0.67,1425777568000,3.17,20,58,宁波建工,10.06
203,湖北自贸,BK0926,1491.45,-10.18,-0.68,348051776000,3.58,8,18,回天新材,6.02
204,调味品概念,BK1026,852.93,-5.9,-0.69,678652512000,2.5,7,24,百润股份,3.13
205,锂电池,BK0574,2830.75,-19.72,-0.69,7637526528000,2.9,96,279,瑞泰新材,20.0
206,西部大开发,BK0590,2618.63,-18.44,-0.7,10747175168000,2.24,145,440,巨星农牧,10.01
207,创新药,BK1106,1025.35,-7.23,-0.7,1462693040000,1.41,17,65,*ST普利,5.64
208,石墨烯,BK0617,1917.95,-13.56,-0.7,827965376000,2.96,16,53,华丽家族,10.19
209,精准医疗,BK0806,935.88,-6.62,-0.7,579767536000,3.61,8,36,迪安诊断,5.9
210,养老概念,BK0653,2393.77,-16.94,-0.7,2828313152000,2.9,32,82,迪安诊断,5.9
211,娃哈哈概念,BK1165,1075.56,-7.65,-0.71,96789262000,2.77,3,16,东方材料,10.01
212,数字货币,BK0883,1801.64,-12.94,-0.71,864128416000,5.25,17,57,华扬联众,10.0
213,建筑节能,BK1076,887.42,-6.38,-0.71,199479905000,3.56,10,29,浙江建投,9.98
214,机构重仓,BK0552,13500.44,-97.13,-0.71,42496769536000,1.11,266,678,航锦科技,10.0
215,电子身份证,BK1075,1258.97,-9.23,-0.73,347953840000,7.63,8,27,东方集团,10.23
216,深成500,BK0568,1108.7,-8.14,-0.73,22332469504000,2.29,142,348,航锦科技,10.0
217,昨日触板,BK0817,195.81,-1.44,-0.73,495331360000,9.0,10,25,电子城,9.98
218,黄金概念,BK0547,11949.01,-88.59,-0.74,1572662080000,1.39,11,44,东方锆业,3.08
219,新冠药物,BK1060,732.39,-5.43,-0.74,529489616000,1.37,7,46,西陇科学,3.98
220,券商概念,BK0711,1111.67,-8.26,-0.74,4027174240000,2.02,7,46,东北证券,5.08
221,东盟自贸区概念,BK1154,1101.56,-8.33,-0.75,177072923000,1.05,4,10,南宁百货,0.5
222,化妆品概念,BK0974,1048.26,-7.93,-0.75,657776352000,2.42,18,39,爱美客,3.84
223,跨境电商,BK1115,1331.5,-10.08,-0.75,1418304720000,5.65,35,93,美邦服饰,9.81
224,绿色电力,BK1024,983.09,-7.47,-0.75,4638366464000,0.85,27,99,梅雁吉祥,10.11
225,碳交易,BK0966,1429.59,-10.99,-0.76,2507948608000,1.13,30,103,依米康,13.47
226,滨海新区,BK0566,9108.79,-70.1,-0.76,203428934000,2.11,4,17,津滨发展,1.7
227,病毒防治,BK0675,2305.84,-17.75,-0.76,1477210304000,1.56,21,94,迪安诊断,5.9
228,熔盐储能,BK1103,795.4,-6.13,-0.76,71844195000,1.5,1,7,迪尔化工,4.08
229,土壤修复,BK1070,752.48,-5.81,-0.77,192780128000,3.18,6,26,岭南股份,10.0
230,人造肉,BK0866,979.92,-7.7,-0.78,177093763000,5.86,4,14,东方集团,10.23
231,北交所概念,BK0925,1613.96,-12.73,-0.78,364095792000,2.56,5,21,用友网络,9.99
232,沪股通,BK0707,1954.91,-15.55,-0.79,60272813056000,1.03,315,934,杭钢股份,9.99
233,网络安全,BK0655,4464.82,-35.59,-0.79,5065949952000,7.21,33,102,南威软件,10.0
234,光伏建筑一体化,BK0978,1238.45,-9.92,-0.79,1057050368000,2.46,18,63,立方数科,20.05
235,央企改革,BK1140,1086.61,-8.74,-0.8,34244856320000,0.59,110,329,东风科技,10.0
236,新能源,BK0493,13480.46,-108.74,-0.8,5779950336000,1.57,44,161,大业股份,10.05
237,股权转让,BK0803,648.07,-5.24,-0.8,184971178000,2.52,7,28,正虹科技,10.06
238,独角兽,BK0835,1724.91,-14.0,-0.81,5165549568000,4.18,31,89,易点天下,8.4
239,AI智能体,BK0809,1158.28,-9.46,-0.81,576237568000,14.36,13,25,威派格,10.0
240,工业大麻,BK0856,1565.13,-12.93,-0.82,412225968000,2.05,7,37,昆药集团,3.22
241,多模态AI,BK1153,1224.65,-10.16,-0.82,926076032000,9.83,15,36,视觉中国,10.0
242,消毒剂,BK0913,1198.34,-9.99,-0.83,543952032000,1.84,14,45,航锦科技,10.0
243,中俄贸易概念,BK1072,1274.9,-10.64,-0.83,456456880000,2.7,12,44,美邦服饰,9.81
244,上海自贸,BK0643,2939.76,-24.98,-0.84,943950336000,0.94,10,23,上实发展,1.45
245,CAR-T细胞疗法,BK0986,905.76,-7.7,-0.84,415252336000,2.28,3,18,迪安诊断,5.9
246,幽门螺杆菌概念,BK1056,810.14,-6.9,-0.84,453623840000,1.92,7,43,可孚医疗,2.76
247,氟化工,BK0690,3030.4,-25.91,-0.85,577602208000,1.33,5,25,石大胜华,3.72
248,维生素,BK0895,1594.12,-13.82,-0.86,413408384000,1.71,7,24,华恒生物,6.2
249,上证380,BK0705,2307.95,-20.1,-0.86,7849141760000,1.55,86,282,海南华铁,9.95
250,深股通,BK0804,1000.01,-8.75,-0.87,29922797824000,3.26,356,989,航锦科技,10.0
251,氢能源,BK0864,1053.35,-9.24,-0.87,4561978880000,1.64,42,200,航锦科技,10.0
252,天然气,BK0843,1259.16,-11.16,-0.88,4818660864000,0.53,17,106,洪田股份,4.46
253,深证100R,BK0743,1102.52,-9.78,-0.88,12952077312000,1.29,32,68,牧原股份,5.23
254,代糖概念,BK0938,896.61,-8.05,-0.89,134277016000,1.29,1,14,一鸣食品,4.63
255,智慧城市,BK0628,5089.13,-45.74,-0.89,2606705200000,5.31,56,158,南威软件,10.0
256,熊去氧胆酸,BK1120,940.27,-8.54,-0.9,330537520000,1.98,3,16,科伦药业,0.15
257,华为欧拉,BK1013,1760.75,-16.04,-0.9,338763248000,16.85,3,14,宇信科技,14.69
258,生物质能发电,BK1098,898.04,-8.19,-0.9,195021042000,1.54,2,23,民和股份,3.04
259,降解塑料,BK0909,1516.58,-13.9,-0.91,679113584000,2.12,8,53,家联科技,8.43
260,体外诊断,BK0841,1182.73,-10.89,-0.91,937067104000,2.18,8,59,迪安诊断,5.9
261,托育服务,BK1074,708.8,-6.53,-0.91,88268855000,7.36,3,10,汤姆猫,2.76
262,纾困概念,BK0851,1578.48,-14.66,-0.92,427145696000,4.04,10,39,梦网科技,10.01
263,时空大数据,BK1130,1262.72,-11.77,-0.92,153084005000,9.83,8,15,旋极信息,1.98
264,食品安全,BK0614,5688.98,-53.71,-0.94,338811104000,5.01,10,32,石基信息,5.92
265,低空经济,BK1166,1370.84,-13.15,-0.95,3343165104000,4.7,58,178,中设股份,9.98
266,海洋经济,BK0623,2330.9,-22.4,-0.95,702362016000,1.65,4,24,东方国信,2.26
267,IPv6,BK0897,1340.11,-12.9,-0.95,609831744000,3.74,3,8,烽火通信,6.0
268,可燃冰,BK0818,1114.02,-10.73,-0.95,305561376000,0.63,1,14,杰瑞股份,0.27
269,虚拟现实,BK0722,1097.51,-10.64,-0.96,3596124688000,5.54,64,162,四川长虹,10.03
270,鸿蒙概念,BK0953,1562.82,-15.28,-0.97,2224063376000,8.14,30,78,博彦科技,10.0
271,转基因,BK0907,1391.04,-13.89,-0.99,121014147000,2.71,5,9,天康生物,1.46
272,页岩气,BK0603,1785.72,-17.93,-0.99,2661068608000,0.46,5,36,洪田股份,4.46
273,转债标的,BK0528,9087.3,-91.73,-1.0,7569449728000,1.63,101,389,威派格,10.0
274,虚拟电厂,BK0958,1747.81,-17.71,-1.0,610101584000,3.11,10,42,派诺科技,7.36
275,2025规划,BK0713,929.28,-9.63,-1.03,3971066528000,2.09,13,68,中恒电气,9.99
276,DRG/DIP,BK1054,1048.89,-10.9,-1.03,179530212000,8.87,7,12,迪安诊断,5.9
277,地热能,BK0622,3117.24,-32.46,-1.03,92196057000,2.65,1,11,豫能控股,0.25
278,移动支付,BK0556,11787.14,-125.43,-1.05,3519801968000,4.28,18,50,用友网络,9.99
279,风能,BK0595,1855.84,-19.82,-1.06,6331352064000,1.32,44,172,杭齿前进,10.0
280,预盈预增,BK0571,4436.84,-47.91,-1.07,17270196992000,3.49,274,1006,华扬联众,10.0
281,垃圾分类,BK0873,1295.12,-14.12,-1.08,770813856000,1.75,17,82,森远股份,3.7
282,铁路基建,BK0592,2241.33,-24.5,-1.08,2932800160000,1.4,22,95,必得科技,10.04
283,养老金,BK0823,1297.46,-14.2,-1.08,2949021808000,1.47,37,137,神州数码,7.15
284,边缘计算,BK0860,2051.18,-22.46,-1.08,2977204720000,7.0,30,95,航锦科技,10.0
285,节能环保,BK0494,10597.85,-116.26,-1.09,3641178544000,2.31,70,333,杭钢股份,9.99
286,军民融合,BK0808,1490.86,-16.56,-1.1,2989209472000,3.11,28,151,杭齿前进,10.0
287,抽水蓄能,BK1003,1225.72,-13.71,-1.11,874546624000,0.7,6,26,基康仪器,1.82
288,钙钛矿电池,BK1094,731.6,-8.24,-1.11,594388528000,1.69,7,24,科恒股份,6.67
289,CRO,BK0899,1274.92,-14.51,-1.13,497022112000,2.25,2,36,*ST普利,5.64
290,储能,BK0989,1679.12,-19.12,-1.13,7831499008000,2.38,60,263,领湃科技,20.0
291,融资融券,BK0596,2346.87,-26.78,-1.13,92169486336000,1.79,808,2778,杭钢股份,9.99
292,大飞机,BK0814,1299.78,-14.88,-1.13,1713327472000,2.88,17,81,安达维尔,6.11
293,人工智能,BK0800,1580.54,-18.11,-1.13,9844107264000,5.75,125,456,威派格,10.0
294,血氧仪,BK1122,925.29,-10.71,-1.14,132605518000,2.46,2,11,可孚医疗,2.76
295,QFII重仓,BK0535,16628.78,-193.01,-1.15,3331468032000,2.66,61,209,正虹科技,10.06
296,华为昇腾,BK0995,1472.32,-17.13,-1.15,483785424000,10.61,10,20,广哈通信,5.99
297,千金藤素,BK1083,907.89,-10.59,-1.15,133460440000,0.69,0,5,步长制药,-0.13
298,太阳能,BK0588,2991.01,-35.0,-1.16,7566388224000,1.85,68,329,大业股份,10.05
299,医废处理,BK0914,1013.6,-11.99,-1.17,199137985000,1.53,6,26,启迪环境,1.01
300,股权激励,BK0567,2826.33,-34.04,-1.19,4526296576000,3.5,44,161,先达股份,10.09
301,创业成份,BK0638,1733.55,-21.06,-1.2,6100851200000,3.27,22,78,光线传媒,19.98
302,医疗器械概念,BK0668,3411.02,-41.77,-1.21,4536670208000,3.4,55,251,四川长虹,10.03
303,疫苗冷链,BK0941,1111.58,-13.68,-1.22,466187696000,1.58,3,25,长虹美菱,1.26
304,重组蛋白,BK1063,731.54,-9.04,-1.22,148610753000,1.09,1,12,锦波生物,0.56
305,碳基材料,BK1006,789.49,-9.79,-1.22,178181682000,4.64,4,14,方大炭素,2.92
306,HIT电池,BK0908,2184.89,-27.12,-1.23,620780800000,1.46,4,32,*ST嘉寓,3.13
307,国产软件,BK0696,3339.61,-41.61,-1.23,3332705376000,7.6,52,181,南威软件,10.0
308,口罩,BK0911,1505.68,-18.77,-1.23,2925365056000,2.71,22,132,田中精机,5.11
309,AI制药,BK1170,1034.44,-12.92,-1.23,150431202000,6.15,4,11,美年健康,2.6
310,核污染防治,BK0983,1175.85,-14.82,-1.24,373920592000,1.12,4,27,西陇科学,3.98
311,刀片电池,BK0951,2104.71,-26.61,-1.25,1120087872000,4.72,3,8,安凯客车,2.4
312,3D打印,BK0619,5185.36,-65.76,-1.25,597168272000,4.7,17,47,冀凯股份,10.01
313,燃料电池,BK0682,3082.85,-39.38,-1.26,2598333760000,3.09,28,116,航锦科技,10.0
314,核能核电,BK0577,1928.89,-24.97,-1.28,2827764096000,1.87,26,114,杭齿前进,10.0
315,微盘股,BK1158,2017.04,-26.13,-1.28,705049280000,2.96,46,346,中设股份,9.98
316,户外露营,BK1079,1190.67,-15.45,-1.28,125909572000,2.36,3,23,莱茵体育,2.2
317,汽车一体化压铸,BK1093,1108.82,-14.4,-1.28,343721872000,5.16,5,24,三祥新材,3.98
318,稀土永磁,BK0578,2150.11,-27.99,-1.29,937771680000,1.86,10,51,惠城环保,6.93
319,军工,BK0490,58646.69,-764.32,-1.29,5963534080000,3.2,74,421,杭齿前进,10.0
320,创业板综,BK0742,1419.53,-18.54,-1.29,13214532864000,5.56,235,1118,瑞泰新材,20.0
321,天基互联,BK0921,1376.0,-18.07,-1.3,521686944000,4.26,6,34,航锦科技,10.0
322,气溶胶检测,BK1065,1211.16,-15.94,-1.3,216651333000,1.28,2,9,ST先河,2.48
323,全息技术,BK0699,2251.26,-29.78,-1.31,144787517000,3.36,2,9,风语筑,3.15
324,海工装备,BK0601,1520.84,-20.17,-1.31,1135643776000,1.3,4,39,银邦股份,3.7
325,深圳特区,BK0549,31049.71,-419.16,-1.33,9533623296000,2.57,68,267,天威视讯,9.98
326,MicroLED,BK0948,1011.98,-13.7,-1.34,473945328000,2.28,3,16,深康佳Ａ,1.59
327,新材料,BK0523,24220.86,-328.68,-1.34,4041896192000,2.68,51,294,立方数科,20.05
328,华为概念,BK0854,3370.29,-45.89,-1.34,13609666304000,4.66,157,561,威派格,10.0
329,宠物经济,BK0993,733.57,-10.03,-1.35,248784437000,2.02,10,28,世纪恒通,3.23
330,智慧灯杆,BK1069,1397.48,-19.27,-1.36,133043857000,4.78,4,19,润建股份,6.33
331,飞行汽车(eVTOL),BK1157,1660.32,-22.98,-1.37,785336960000,4.83,17,51,湘油泵,5.91
332,钛白粉,BK0805,959.89,-13.31,-1.37,137312227000,1.16,0,10,金浦钛业,0.0
333,MLCC,BK0890,1758.39,-24.47,-1.37,178814073000,1.77,3,10,昀冢科技,3.26
334,工业气体,BK0981,1383.94,-19.36,-1.38,377869488000,1.15,4,22,中船特气,3.26
335,注射器概念,BK0973,838.47,-11.74,-1.38,72911931000,1.44,0,13,采纳股份,-0.18
336,无人机,BK0704,1961.31,-27.76,-1.4,2622370752000,4.14,33,131,日海智能,9.97
337,工程机械概念,BK0991,1273.09,-18.27,-1.41,938471968000,1.25,6,44,川润股份,2.73
338,贬值受益,BK0812,1257.27,-18.51,-1.45,2112983968000,2.3,23,133,美邦服饰,9.81
339,UWB概念,BK0880,1554.13,-22.92,-1.45,408846608000,2.56,4,16,金溢科技,3.12
340,油气设服,BK0606,1501.71,-22.22,-1.46,1951226544000,1.08,5,59,瑞星股份,1.58
341,充电桩,BK0700,2278.09,-33.72,-1.46,4134141008000,3.69,36,193,领湃科技,20.0
342,空气能热泵,BK1102,1243.63,-18.51,-1.47,1161735696000,3.35,6,25,长虹美菱,1.26
343,汽车热管理,BK1089,1564.45,-23.41,-1.47,806809312000,6.55,14,64,四川长虹,10.03
344,碳纤维,BK1171,1171.21,-17.6,-1.48,337739760000,2.44,3,31,安达维尔,6.11
345,超清视频,BK0859,1884.74,-28.57,-1.49,2529135200000,4.39,20,76,四川长虹,10.03
346,工业互联,BK0832,2113.41,-32.26,-1.5,4392976384000,4.19,40,149,威派格,10.0
347,社保重仓,BK0520,10211.27,-156.67,-1.51,413010816000,1.84,5,22,兔 宝 宝,3.27
348,OLED,BK0840,2460.08,-37.95,-1.52,2114569584000,3.74,22,103,四川长虹,10.03
349,电子烟,BK0865,1748.01,-27.02,-1.52,987658992000,3.0,9,42,弘信电子,13.85
350,基金重仓,BK0536,9837.48,-152.72,-1.53,7129632000000,1.75,16,59,泸州老窖,3.85
351,裸眼3D,BK1142,1070.32,-16.68,-1.53,312947344000,2.45,4,19,风语筑,3.15
352,纳米银,BK0855,1704.77,-26.63,-1.54,108291694000,6.3,0,9,万顺新材,0.0
353,复合集流体,BK1113,782.19,-12.45,-1.57,183908731000,5.47,5,18,洪田股份,4.46
354,光通信模块,BK1136,1332.61,-21.22,-1.57,867042880000,4.51,11,48,航锦科技,10.0
355,磁悬浮概念,BK0975,1610.5,-25.86,-1.58,726541456000,2.01,2,27,四川长虹,10.03
356,量子通信,BK0710,2385.31,-38.72,-1.6,1350687888000,4.28,8,42,三未信安,3.48
357,5G概念,BK0714,1234.49,-20.11,-1.6,8290236928000,4.12,49,273,航锦科技,10.0
358,MiniLED,BK0902,1704.49,-27.98,-1.62,934917824000,2.44,7,52,天山电子,2.93
359,F5G概念,BK1088,2290.57,-37.61,-1.62,554618032000,2.19,4,19,铭普光磁,3.83
360,英伟达概念,BK1161,1416.41,-23.26,-1.62,1377621184000,5.24,11,37,深信服,7.83
361,商业航天,BK0963,1464.94,-24.15,-1.62,1560807088000,4.05,16,137,大业股份,10.05
362,物联网,BK0554,14143.66,-233.3,-1.62,8373675776000,4.38,61,301,威派格,10.0
363,特高压,BK0918,1732.51,-28.58,-1.62,1081500032000,1.85,5,78,中恒电气,9.99
364,LED,BK0580,3159.54,-52.79,-1.64,1352057744000,2.87,11,80,深桑达Ａ,4.76
365,科创板做市股,BK1108,929.85,-15.54,-1.64,1886944880000,1.1,5,39,厦钨新能,3.42
366,TOPCon电池,BK1097,704.93,-11.92,-1.66,579038784000,1.68,4,36,海目星,2.88
367,电子纸概念,BK1057,1104.93,-18.76,-1.67,368397920000,1.81,1,13,安诺其,3.18
368,举牌,BK0685,2103.23,-35.77,-1.67,193693929000,1.23,0,11,全新好,-0.15
369,北斗导航,BK0629,5436.67,-93.39,-1.69,936142352000,4.0,13,65,航锦科技,10.0
370,ETC,BK0875,1667.98,-28.84,-1.7,386832880000,4.0,6,38,世纪恒通,3.23
371,BC电池,BK1148,818.29,-14.16,-1.7,357613920000,1.39,3,19,海目星,2.88
372,智能电网,BK0581,1592.84,-27.88,-1.72,1862398960000,3.34,17,155,派诺科技,7.36
373,轮毂电机,BK1099,879.81,-15.4,-1.72,53654600000,2.01,0,8,威孚高科,-1.2
374,新能源车,BK0900,1765.71,-31.21,-1.74,11593318400000,3.38,93,510,杭齿前进,10.0
375,商汤概念,BK0942,1237.71,-22.14,-1.76,526764368000,5.51,3,11,上海电气,2.69
376,数字哨兵,BK1084,1444.39,-26.26,-1.79,89392460000,5.09,0,11,德生科技,0.0
377,盲盒经济,BK0954,1303.55,-23.73,-1.79,123710585000,8.83,3,8,元隆雅图,3.33
378,6G概念,BK0964,1349.22,-24.61,-1.79,519349792000,5.63,3,24,海能达,2.65
379,植物照明,BK1007,962.41,-17.58,-1.79,159588411000,2.81,0,18,三安光电,-0.49
380,培育钻石,BK1023,1115.66,-20.45,-1.8,136435570000,4.31,1,13,黄河旋风,4.69
381,车联网(车路云),BK0920,1419.48,-26.05,-1.8,5716829952000,3.88,29,190,中设股份,9.98
382,抗菌面料,BK1116,1152.96,-21.17,-1.8,78389239000,2.1,1,13,华纺股份,0.35
383,氮化镓,BK0916,1266.77,-23.26,-1.8,951628080000,4.45,3,44,中恒电气,9.99
384,智能家居,BK0680,2560.43,-47.02,-1.8,3620342592000,4.09,30,123,居然智家,10.0
385,可控核聚变,BK1163,1203.02,-22.37,-1.83,406188736000,4.66,3,19,上海电气,2.69
386,无人驾驶,BK0802,1722.76,-32.31,-1.84,5810064640000,3.49,33,210,康盛股份,9.91
387,传感器,BK0905,1613.16,-30.29,-1.84,1493164624000,4.57,15,81,雅达股份,23.82
388,小米概念,BK0833,1791.62,-33.86,-1.85,3151890512000,3.59,31,176,浙文互联,10.05
389,发电机概念,BK1014,1273.01,-24.07,-1.86,134828689000,6.43,4,17,云内动力,3.58
390,高送转,BK0723,3525.8,-67.03,-1.87,3437738128000,3.62,24,188,同飞股份,8.95
391,柔性屏(折叠屏),BK1160,1350.25,-25.73,-1.87,996285968000,3.1,8,63,弘信电子,13.85
392,光刻机(胶),BK0884,2567.42,-49.07,-1.88,804585488000,3.82,10,73,同飞股份,8.95
393,蓝宝石,BK0674,2491.99,-48.23,-1.9,545402912000,4.04,2,18,露笑科技,1.69
394,小米汽车,BK1155,1304.35,-25.36,-1.91,3450198240000,2.71,8,62,浙文互联,10.05
395,胎压监测,BK0898,2065.01,-40.51,-1.92,308395696000,3.9,3,25,汉威科技,2.82
396,CPO概念,BK1128,2590.07,-51.04,-1.93,1358480144000,4.15,7,39,烽火通信,6.0
397,增强现实,BK0801,1117.68,-22.12,-1.94,634963728000,5.68,10,37,宝通科技,5.53
398,特斯拉,BK0644,4915.88,-97.37,-1.94,4700367360000,3.39,30,179,石大胜华,3.72
399,专精特新,BK1005,1101.23,-21.82,-1.94,4776856576000,4.16,93,679,威派格,10.0
400,无线充电,BK0960,2476.14,-49.56,-1.96,2147484512000,4.17,6,36,田中精机,5.11
401,氦气概念,BK0949,1341.52,-26.97,-1.97,90663590000,3.11,0,11,九丰能源,-0.45
402,智能机器,BK0640,4756.56,-95.9,-1.98,3536905248000,5.18,24,145,华丽家族,10.19
403,生物识别,BK0970,1525.79,-30.8,-1.98,1104387888000,4.11,4,46,佳都科技,3.47
404,空间站概念,BK0994,1496.66,-30.32,-1.99,193691841000,3.82,1,19,旋极信息,1.98
405,EDA概念,BK0946,1095.61,-22.39,-2.0,229997280000,2.22,2,12,晨鸣纸业,1.17
406,工业4.0,BK0810,2247.32,-46.17,-2.01,2682909072000,3.11,16,113,巨轮智能,6.96
407,3D玻璃,BK0881,1217.64,-25.2,-2.03,319163856000,5.76,2,15,福能东方,6.58
408,华为海思,BK1180,1412.81,-29.54,-2.05,758944608000,6.04,5,34,神州数码,7.15
409,华为汽车,BK0984,1853.17,-38.77,-2.05,1649355200000,3.74,11,91,天永智能,3.95
410,国家安防,BK0667,2836.77,-59.36,-2.05,1686593376000,5.01,16,103,任子行,6.29
411,毫米波概念,BK1124,1442.54,-30.39,-2.06,486806784000,3.79,4,35,流金科技,3.02
412,富士康,BK0842,1657.49,-35.06,-2.07,457074208000,2.97,4,29,瀛通通讯,2.22
413,高压快充,BK1144,1066.97,-22.64,-2.08,394940016000,4.38,5,38,中恒电气,9.99
414,IGBT概念,BK1048,783.5,-16.7,-2.09,2074370128000,3.59,1,37,利欧股份,0.43
415,第三代半导体,BK0952,1336.26,-28.5,-2.09,1708207904000,5.46,9,100,中恒电气,9.99
416,国产芯片,BK0891,3095.59,-66.82,-2.11,9992729600000,4.32,53,310,航锦科技,10.0
417,PCB,BK0877,1686.26,-36.93,-2.14,1085061184000,3.92,9,79,弘信电子,13.85
418,工业母机,BK1004,1413.34,-30.96,-2.14,1236469952000,6.03,11,70,巨轮智能,6.96
419,机器人概念,BK1090,1590.88,-34.91,-2.15,6659197696000,5.46,71,390,四川长虹,10.03
420,碳化硅,BK0977,1300.22,-28.57,-2.15,553032496000,4.35,3,33,柘中股份,3.59
421,荣耀概念,BK1177,1596.01,-35.62,-2.18,1055536704000,2.54,8,43,弘信电子,13.85
422,激光雷达,BK1002,1511.37,-33.92,-2.2,466071568000,4.02,6,30,湘油泵,5.91
423,玻璃基板,BK1175,1337.59,-30.43,-2.22,528589264000,2.62,3,31,隆利科技,2.65
424,无线耳机,BK0893,1960.01,-44.76,-2.23,2395617904000,5.99,15,69,弘信电子,13.85
425,新型工业化,BK1150,1148.61,-26.44,-2.25,1641978544000,6.06,10,81,用友网络,9.99
426,苹果概念,BK0666,2960.65,-68.18,-2.25,2801154912000,2.51,14,115,田中精机,5.11
427,屏下摄像,BK0947,1046.83,-24.2,-2.26,576022448000,2.58,2,8,同兴达,0.18
428,存储芯片,BK1137,1317.2,-30.79,-2.28,1047068352000,4.56,4,51,航锦科技,10.0
429,半导体概念,BK0917,1579.03,-37.07,-2.29,7854348800000,3.04,31,309,航锦科技,10.0
430,AI手机,BK1162,1483.8,-34.96,-2.3,868282624000,6.78,4,30,弘信电子,13.85
431,被动元件,BK0976,1267.3,-30.2,-2.33,392983360000,3.66,2,25,信维通信,1.67
432,超导概念,BK0679,3806.12,-91.58,-2.35,230391841000,3.99,1,14,联创光电,0.45
433,Chiplet概念,BK1101,1499.44,-36.73,-2.39,688627120000,4.21,2,26,利扬芯片,4.77
434,PEEK材料概念,BK1156,1159.77,-28.72,-2.42,249762608000,3.3,1,23,国际复材,0.29
435,人脑工程,BK0706,4186.3,-104.12,-2.43,355220816000,7.75,3,17,汉威科技,2.82
436,ERP概念,BK1133,1314.4,-32.93,-2.44,279947200000,9.91,3,14,用友网络,9.99
437,中芯概念,BK0935,1255.58,-31.74,-2.47,2419871504000,4.35,5,57,有研新材,2.13
438,百元股,BK1059,636.91,-16.21,-2.48,12812233472000,2.27,22,73,山西汾酒,6.75
439,混合现实,BK1141,1373.66,-35.03,-2.49,1069392784000,3.24,5,25,风语筑,3.15
440,电子后视镜,BK1125,1590.42,-40.59,-2.49,396194208000,4.4,3,20,伟时电子,1.88
441,汽车芯片,BK0969,1134.77,-29.62,-2.54,1240683664000,3.76,6,50,帝奥微,6.37
442,注册制次新股,BK0971,674.14,-17.68,-2.56,754856944000,10.36,6,68,博苑股份,2.83
443,3D摄像头,BK0901,1605.64,-42.92,-2.6,646093520000,4.73,1,10,韦尔股份,0.55
444,智能穿戴,BK0641,3092.57,-82.84,-2.61,2855776128000,4.09,12,105,卓翼科技,5.43
445,第四代半导体,BK1121,1341.35,-36.48,-2.65,107009354000,1.34,0,4,衢州发展,-0.65
446,WiFi,BK0915,1190.17,-33.77,-2.76,556209168000,3.17,5,21,卓翼科技,5.43
447,次新股,BK0501,25873.61,-763.79,-2.87,800183312000,10.42,6,84,博苑股份,2.83
448,铜缆高速连接,BK1168,1518.18,-45.59,-2.92,631989792000,6.82,4,31,裕太微-U,3.62
449,AI芯片,BK1127,1359.28,-41.47,-2.96,1241683824000,4.7,3,23,航锦科技,10.0
450,AI眼镜,BK1178,1721.06,-52.81,-2.98,1251371792000,5.15,8,67,弘信电子,13.85
451,机器视觉,BK0998,1572.7,-49.47,-3.05,528804096000,8.17,1,67,云从科技-UW,3.82
452,AIPC,BK1164,1515.39,-48.37,-3.09,966338304000,4.06,1,40,同兴达,0.18
453,eSIM,BK0956,1657.39,-54.18,-3.17,325362640000,2.35,0,9,中国联通,0.0
454,星闪概念,BK1149,1447.96,-47.4,-3.17,535475696000,6.22,4,31,海能达,2.65
455,减速器,BK1100,1430.4,-47.29,-3.2,618723552000,8.94,6,53,巨轮智能,6.96
456,EDR概念,BK1049,1514.33,-50.28,-3.21,300143056000,5.55,0,14,鸿泉物联,-1.2
457,高带宽内存,BK1152,960.2,-34.62,-3.48,142866814000,4.89,0,13,晶方科技,-1.76
458,机器人执行器,BK1145,1490.12,-53.74,-3.48,512356560000,6.25,0,26,国茂股份,-0.2
459,人形机器人,BK1184,1301.63,-48.51,-3.59,1301480256000,8.99,8,69,巨轮智能,6.96
460,PLC概念,BK1119,1312.76,-52.38,-3.84,357205168000,3.56,0,9,海得控制,-1.15
461,同步磁阻电机,BK1131,1366.86,-69.25,-4.82,62815566000,8.3,0,5,新时达,0.0
