symbol,avg_real_change,top3_real_change,median_real_change,bottom3_real_change
sz000869,0.005540610786286654,"0.06511627906976752,0.07641561297416165,0.10588235294117647",0.0036764705882353465,"-0.056744186046511574,-0.04563106796116494,-0.04133545310015909"
sz000736,0.005525302199591842,"0.08108108108108115,0.0929368029739777,0.09523809523809518",0.0,"-0.06796116504854374,-0.05472636815920415,-0.05333333333333338"
sz000069,0.00520737976727943,"0.06192893401015223,0.07773512476007682,0.08941176470588233",0.004966070935416491,"-0.11475409836065562,-0.0544993662864385,-0.05346294046172533"
sz000622,0.0051767041345078466,"0.06875000000000006,0.06993006993006984,0.08080808080808073",0.00680342948384186,"-0.11290322580645154,-0.07731958762886594,-0.0714285714285715"
sz000862,0.005117053848653304,"0.08766233766233766,0.09803921568627452,0.09999999999999994",0.005588161838161843,"-0.10599078341013825,-0.10196078431372559,-0.09905660377358488"
sz000538,0.004761777378061187,"0.08476104598737597,0.09209809264305165,0.10009861932938861",0.0034502587694078364,"-0.0638297872340425,-0.04744136460554373,-0.043378995433789924"
sz000568,0.004735533063101125,"0.05494505494505499,0.06567796610169502,0.08870967741935486",0.0050641025641025685,"-0.05945945945945951,-0.0562659846547315,-0.05621301775147928"
sz000620,0.004692576653688231,"0.07236842105263164,0.0775862068965516,0.07947019867549676",0.004743171855681692,"-0.0940170940170941,-0.05825242718446607,-0.055172413793103496"
sz002024,0.004365572691101803,"0.07271147161066052,0.07551724137931039,0.0914886834555308",0.004184100418410059,"-0.11111111111111095,-0.08124662223022888,-0.05964912280701752"
sz000017,0.004362269565743202,"0.06504065040650413,0.09580838323353288,0.09876543209876551",0.0,"-0.0833333333333333,-0.07514450867052017,-0.058139534883720985"
sz000030,0.004234093907896288,"0.07189542483660137,0.08396946564885503,0.09782608695652183",0.00714285714285715,"-0.06837606837606844,-0.06428571428571435,-0.0613496932515338"
sz002025,0.004159311670876339,"0.0805572380375531,0.09260410192666253,0.09398496240601503",0.004225638118189471,"-0.10202395704254436,-0.09231685527099469,-0.0771784232365145"
sz000505,0.004010386719565696,"0.06707317073170725,0.06748466257668705,0.06832298136645969",0.006369426751592362,"-0.0743243243243244,-0.0701754385964913,-0.056962025316455604"
sz000995,0.0039217635061472,"0.08235294117647057,0.0833333333333334,0.08585858585858594",0.004336904187638274,"-0.10238907849829344,-0.08895705521472394,-0.06956521739130428"
sz000060,0.0037499488528601544,"0.06676783004552345,0.08150470219435745,0.11551724137931034",0.0034542314335059715,"-0.07679465776293821,-0.055000000000000014,-0.05409836065573772"
sz000803,0.003691294709852182,"0.0438144329896907,0.045528455284552884,0.09105691056910563",0.0,"-0.022510822510822644,-0.020851433536055623,-0.0207612456747405"
sz000987,0.0036118249847499973,"0.057352941176470544,0.0666666666666666,0.0932038834951457",0.0027894002789399684,"-0.07880434782608696,-0.07578947368421059,-0.05020920502092054"
sz002028,0.003596463060558739,"0.08359133126934985,0.08705575480925991,0.09808342728297624",0.002797202797202738,"-0.10108604845446957,-0.09636650868878362,-0.08256880733944957"
sz000557,0.0035386912591521074,"0.07079646017699122,0.07575757575757582,0.07627118644067785",0.0,"-0.0633802816901409,-0.05921052631578938,-0.05825242718446607"
sz000691,0.0034805890144616893,"0.06930693069306937,0.06976744186046505,0.09139784946236566",0.00724637681159421,"-0.09580838323353302,-0.08450704225352121,-0.06201550387596905"
sz000887,0.0034770840467922737,"0.06474820143884882,0.07207207207207213,0.09868421052631574",0.0,"-0.11071428571428574,-0.10937499999999992,-0.10176991150442478"
sz000034,0.0034348848628566646,"0.07222222222222228,0.0732484076433121,0.07831325301204826",0.0057803468208092535,"-0.11650485436893215,-0.10055865921787706,-0.09022556390977435"
sz000411,0.0034072504436526035,"0.08121827411167509,0.09056603773584897,0.09759759759759765",0.003717472118959194,"-0.10016694490818023,-0.08759124087591248,-0.08149779735682822"
sz000710,0.0034018602056541283,"0.06467661691542284,0.0669014084507042,0.07070707070707066",0.005050505050505055,"-0.06249999999999997,-0.061302681992337224,-0.054878048780487854"
sz000791,0.0033751074177471503,"0.05844155844155849,0.06097560975609748,0.10583941605839417",0.006153846153846159,"-0.09777777777777787,-0.07308970099667766,-0.06806282722513084"
sz000927,0.003343105676901316,"0.07918552036199107,0.0807017543859649,0.10144927536231886",0.0,"-0.10416666666666667,-0.06299212598425202,-0.062499999999999965"
sz000863,0.003298263848780185,"0.061662198391420904,0.06310679611650491,0.06932773109243699",0.007142857142856991,"-0.11250000000000002,-0.10256410256410255,-0.10158730158730168"
sz000584,0.003232513114146352,"0.042316258351893184,0.045161290322580636,0.052272727272727165",0.002873586946648659,"-0.07046070460704601,-0.03399433427762043,-0.03386004514672675"
sz000880,0.0031923435375213038,"0.08333333333333327,0.08910891089108908,0.1193181818181818",0.003105619922119063,"-0.10320284697508898,-0.09374999999999994,-0.08878504672897193"
sz002031,0.003159644913237055,"0.09118541033434636,0.09430438842203562,0.09778597785977865",0.0026734168220978933,"-0.10888888888888874,-0.09666666666666658,-0.09018830525272549"
sz000690,0.00299266384125463,"0.05210918114143909,0.053999999999999916,0.05605381165919283",0.002518891687657377,"-0.0746987951807228,-0.055384615384615435,-0.049462365591397744"
sz000768,0.0027195579224405272,"0.052980132450331174,0.06643356643356642,0.06753246753246747",0.001204819277108515,"-0.04888888888888903,-0.04827586206896556,-0.04452054794520544"
sz000056,0.0026670689006832457,"0.10243902439024379,0.10826210826210823,0.11345646437994715",0.0027806716509375558,"-0.10256410256410255,-0.08310991957104559,-0.07818930041152261"
sz000672,0.002639307956880483,"0.08205128205128201,0.09235668789808918,0.11057692307692306",0.004444532237673736,"-0.08520179372197308,-0.08399999999999999,-0.08000000000000007"
sz000603,0.0026322616717150828,"0.05925925925925931,0.061452513966480375,0.07161803713527852",0.00375987674389012,"-0.09420289855072472,-0.05315614617940204,-0.05309734513274328"
sz000655,0.002628822827139248,"0.08116883116883117,0.08438818565400832,0.09215017064846416",0.0,"-0.08996539792387535,-0.08400000000000016,-0.07344632768361575"
sz000757,0.0026137154586983818,"0.08759124087591248,0.09178743961352655,0.11057692307692306",0.008928571428571435,"-0.12244897959183684,-0.11016949152542384,-0.09774436090225555"
sz000529,0.002554437498745777,"0.059210526315789526,0.06185567010309272,0.0818713450292397",0.0,"-0.0920245398773007,-0.06086956521739136,-0.05797101449275368"
sz000738,0.002550690375080371,"0.07812499999999996,0.0807453416149069,0.08695652173913036",0.005154639175257737,"-0.12875536480686706,-0.09452736318407981,-0.09289617486338794"
sz000651,0.002518936300638373,"0.05060728744939271,0.05714285714285701,0.06285178236397748",0.003108811628566392,"-0.047072330654420215,-0.046808510638297815,-0.04545454545454541"
sz000650,0.0024436627111204786,"0.0843373493975903,0.09120521172638431,0.0921658986175115",0.001724137931034446,"-0.13220338983050836,-0.10227272727272724,-0.10212765957446818"
sz002027,0.002422029290336983,"0.08477011494252872,0.09404388714733537,0.09965635738831616",0.0,"-0.08938547486033527,-0.0737179487179487,-0.07106598984771573"
sz000526,0.002414799576367734,"0.08551068883610459,0.09195402298850563,0.09326424870466318",0.004878048780487918,"-0.12068965517241377,-0.10126582278480999,-0.08483290488431879"
sz000908,0.0023818893046674405,"0.07065217391304354,0.07246376811594203,0.07860262008733632",0.005924417997703315,"-0.09756097560975618,-0.0972222222222222,-0.0812324929971989"
sz000900,0.002328977253778607,"0.06072874493927122,0.06869479882237499,0.07184466019417478",0.002579535683577054,"-0.0922330097087378,-0.07356608478802991,-0.06999999999999992"
sz000970,0.00231977540520326,"0.055312954876273634,0.06714285714285724,0.07547169811320761",0.0032154340836013607,"-0.10526315789473681,-0.10377358490566034,-0.09999999999999996"
sz000930,0.002275343453823222,"0.0883977900552487,0.08884297520661151,0.09103840682788059",0.0021276595744680396,"-0.10691823899371085,-0.1064891846921798,-0.08661417322834647"
sz000402,0.0022595008866168466,"0.0581196581196581,0.062499999999999854,0.08894230769230761",0.0024271844660193657,"-0.059418457648546225,-0.05814977973568283,-0.04950495049504941"
sz000563,0.0022552047755471168,"0.09318181818181821,0.09350649350649347,0.09482758620689645",0.004807803434805835,"-0.12231759656652366,-0.07382550335570472,-0.0696969696969697"
sz000766,0.0022370404550550657,"0.06428571428571418,0.06474820143884898,0.08461538461538469",0.0,"-0.07407407407407414,-0.07284768211920536,-0.062068965517241434"
sz000676,0.002220610943657699,"0.10196078431372542,0.10455311973018552,0.14256198347107438",0.0005385029617663738,"-0.22258592471358418,-0.11111111111111113,-0.11111111111111101"
sz000813,0.0022077975983480955,"0.08163265306122446,0.0848484848484848,0.10662824207492798",0.004890004782400769,"-0.10377358490566026,-0.10330578512396695,-0.08787878787878789"
sz000020,0.002154026221093604,"0.06923076923076912,0.07089552238805968,0.08000000000000007",0.003861003861003779,"-0.09191176470588235,-0.07871720116618076,-0.06643356643356642"
sz000631,0.002149672208905258,"0.08469055374592828,0.08965517241379303,0.09803921568627452",0.0034942433408137437,"-0.10194174757281552,-0.09523809523809533,-0.0838709677419354"
sz000565,0.002130542490042424,"0.07168458781362014,0.07526881720430106,0.07798165137614675",0.006644518272425255,"-0.11693548387096776,-0.07665505226480843,-0.07112970711297067"
sz002035,0.0021221707828604957,"0.06926406926406932,0.07086614173228335,0.11358574610244984",0.0012457086655095215,"-0.0847176079734219,-0.06451612903225802,-0.05985401459854017"
sz000792,0.002122025722496173,"0.05005107252298266,0.05820610687022895,0.07865168539325855",0.002674712115989122,"-0.07142857142857144,-0.06792873051224957,-0.06179775280898884"
sz000156,0.0020723112929943556,"0.06250000000000006,0.06306306306306311,0.08999999999999997",0.0039015915548947476,"-0.1052631578947368,-0.10499999999999998,-0.09049773755656097"
sz000501,0.0020668791623996556,"0.06766917293233071,0.07692307692307691,0.09062500000000001",0.0031446540880502474,"-0.08484848484848492,-0.08154506437768237,-0.0798611111111111"
sz000852,0.0020592372727718665,"0.058823529411764795,0.06352459016393434,0.07708333333333336",0.002100840336134409,"-0.049107142857142794,-0.04545454545454529,-0.04454342984409803"
sz000830,0.0020454444116083164,"0.0583333333333332,0.07663551401869162,0.082089552238806",0.0029460256855258623,"-0.06796116504854374,-0.058823529411764816,-0.05511811023622035"
sz000514,0.002029078314574028,"0.059665871121718374,0.10056925996204923,0.1461538461538461",0.006024096385542174,"-0.10649350649350653,-0.08333333333333351,-0.08108108108108109"
sz000978,0.002013552589481754,"0.053391053391053406,0.07730263157894733,0.08450704225352104",0.001745200698080242,"-0.06323529411764715,-0.05970149253731348,-0.057692307692307654"
sz000715,0.001996687244371701,"0.053278688524590306,0.05860113421550104,0.09771986970684048",0.0,"-0.06734693877551022,-0.055555555555555684,-0.051867219917012444"
sz002010,0.0019365702143820812,"0.06259780907668237,0.09023117076808358,0.09090909090909102",0.0016824297171706521,"-0.06857142857142863,-0.06285714285714292,-0.056338028169014134"
sz000555,0.001927182647923236,"0.07352941176470594,0.08496732026143798,0.09424083769633505",0.0,"-0.10216718266253859,-0.06529209621993125,-0.06136363636363626"
sz000955,0.001914698512709199,"0.07430340557275535,0.07643312101910835,0.08717948717948715",0.0050133185907423276,"-0.09302325581395357,-0.08363636363636363,-0.07971014492753631"
sz000926,0.0019117890221778395,"0.04627249357326482,0.04860088365243005,0.08608321377331428",0.002937905228307421,"-0.07297297297297285,-0.06142857142857139,-0.04695431472081209"
sz000856,0.0019097802664268765,"0.05045871559633042,0.05194805194805199,0.061904761904761955",0.0046511627906975755,"-0.08252427184466016,-0.059523809523809576,-0.052980132450331174"
sz000892,0.0018935332272351558,"0.0848484848484848,0.09404388714733537,0.10839160839160841",0.006556503198294249,"-0.11350293542074365,-0.10984848484848486,-0.10443037974683532"
sz000572,0.0018910066352925113,"0.06073752711496732,0.06578947368421062,0.06655844155844158",0.0017906839547022304,"-0.04873294346978558,-0.04791666666666676,-0.045146726862302526"
sz002029,0.0018600829977107039,"0.06900584795321646,0.09696969696969693,0.09710144927536231",0.0,"-0.0754414125200643,-0.06849315068493138,-0.05890603085553996"
sz000783,0.0018409376401184565,"0.09387755102040815,0.09871244635193133,0.10047846889952151",0.0,"-0.1111111111111111,-0.09999999999999995,-0.0892193308550185"
sz000665,0.0018305201855664105,"0.07823960880195585,0.08814589665653497,0.08881578947368421",0.0029556607233292044,"-0.07773851590106014,-0.07200000000000006,-0.06367041198501887"
sz000656,0.0018209317953921268,"0.05864197530864209,0.06324110671936765,0.06774193548387096",0.006329113924050638,"-0.09459459459459457,-0.07692307692307682,-0.07058823529411772"
sz000408,0.0018019822779955076,"0.07486631016042787,0.07750000000000001,0.08354430379746837",0.0031596286313267472,"-0.06606606606606612,-0.06315789473684201,-0.0613496932515338"
sz000797,0.0017879512844528238,"0.07692307692307691,0.08620689655172409,0.0888030888030888",0.003273401337219273,"-0.11328125000000001,-0.10583941605839417,-0.09885931558935354"
sz002032,0.0017599366851432949,"0.052986512524084844,0.061810154525386365,0.07642725598526705",0.0,"-0.09649122807017546,-0.05571030640668529,-0.050128534704370134"
sz000155,0.0017590042153232761,"0.05567451820128475,0.06987951807228926,0.08163265306122457",0.002304147465437739,"-0.06730769230769236,-0.06701030927835058,-0.0631067961165048"
sz000790,0.001737137187809264,"0.07832422586520942,0.09007633587786258,0.09738372093023255",0.003249753166595391,"-0.11376146788990828,-0.1118012422360248,-0.10199556541019955"
sz000993,0.0017122039214445676,"0.05154639175257729,0.052459016393442526,0.07092198581560274",0.003025725533278339,"-0.06515580736543909,-0.055172413793103496,-0.05337078651685392"
sz000011,0.0017075211182280884,"0.0924528301886793,0.09375000000000008,0.10321489001692052",0.0,"-0.09751037344398335,-0.08426966292134819,-0.08061002178649221"
sz002015,0.001696734991454316,"0.0653728294177733,0.06712962962962964,0.06942752740560296",0.0027063599458728637,"-0.08839190628327989,-0.07659574468085094,-0.06400966183574894"
sz000633,0.0016922488235018927,"0.08536585365853666,0.10344827586206891,0.10465116279069768",0.00442486482281101,"-0.1092436974789917,-0.108786610878661,-0.10416666666666664"
sz000065,0.0015766553118219907,"0.0742857142857144,0.08909090909090912,0.1012216404886562",0.003539823008849639,"-0.09569377990430632,-0.07191011235955062,-0.06818181818181823"
sz000589,0.0015667806264116069,"0.08146067415730338,0.0936708860759494,0.0956521739130435",0.002519675044427466,"-0.07500000000000007,-0.06269592476489035,-0.055172413793103496"
sz000728,0.0015636902511964542,"0.09215017064846416,0.10256410256410249,0.11658031088082894",0.0038873022349154573,"-0.11111111111111113,-0.09929078014184406,-0.09126984126984126"
sz000576,0.0015554427395750433,"0.09785932721712533,0.10317460317460327,0.11275964391691391",0.0039172697166687176,"-0.1189189189189189,-0.10749185667752446,-0.09797297297297299"
sz000683,0.001550636335032337,"0.06756756756756772,0.09047619047619056,0.09502262443438912",0.0033225891910985553,"-0.10156249999999992,-0.09965635738831616,-0.09644670050761418"
sz000523,0.0015045180974415004,"0.05555555555555551,0.05882352941176468,0.06093189964157703",0.0030864197530863537,"-0.07751937984496113,-0.06756756756756752,-0.06614785992217896"
sz000925,0.0015030577669251652,"0.07667731629392964,0.07819548872180458,0.1038251366120219",0.004179169384648813,"-0.10173697270471467,-0.08777969018932871,-0.08747855917667234"
sz000860,0.0014984888762501927,"0.06300813008130092,0.06603773584905659,0.08913043478260854",0.0030169275573352105,"-0.10407239819004524,-0.06326530612244889,-0.046184738955823194"
sz000657,0.001490564285122273,"0.06632653061224496,0.07182320441988944,0.09090909090909086",0.0022064905366614637,"-0.10112359550561795,-0.07213114754098353,-0.0696969696969697"
sz000848,0.001476685085140017,"0.059782608695652224,0.06209850107066382,0.06442577030812324",0.0021551724137930574,"-0.11374407582938399,-0.07399103139013455,-0.057220708446866476"
sz000582,0.001446146365256602,"0.0774058577405858,0.07785888077858877,0.08035714285714274",0.002415458937198231,"-0.09052631578947382,-0.06302521008403358,-0.05133928571428561"
sz000963,0.0014039497801384907,"0.06626506024096386,0.07364341085271316,0.08598130841121496",0.0020625659170551303,"-0.08744394618834074,-0.07476635514018698,-0.06768558951965076"
sz000419,0.0013994040647768722,"0.05540897097625329,0.06913580246913587,0.0745614035087721",0.002617801047120363,"-0.08732394366197185,-0.06944444444444445,-0.05707196029776685"
sz002034,0.001385312635051788,"0.07223672758920802,0.085820895522388,0.09223847019122612",0.002971768202080306,"-0.1006355932203391,-0.0903010033444816,-0.0797297297297297"
sz000801,0.0013720120377436033,"0.05633802816901401,0.06410256410256411,0.07795698924731183",0.0,"-0.08203124999999999,-0.06666666666666665,-0.06086956521739129"
sz000415,0.0013644918007741564,"0.08917197452229307,0.09116022099447516,0.09523809523809519",0.002849002849002915,"-0.07749077490774907,-0.06562499999999999,-0.06528189910979221"
sz000545,0.0013202058551180452,"0.06315789473684201,0.07073954983922837,0.09297052154195014",0.007017543859649129,"-0.12075471698113219,-0.0994764397905759,-0.09022556390977435"
sz000593,0.0013172692933837503,"0.0613496932515338,0.06774193548387096,0.08088235294117653",0.005487804878048785,"-0.10210210210210219,-0.10112359550561799,-0.07876712328767123"
sz000722,0.0013002301328932523,"0.054878048780487854,0.05666666666666679,0.061855670103092834",0.0015772870662460231,"-0.07594936708860765,-0.07308970099667766,-0.06198347107438013"
sz000885,0.0012651606161894014,"0.0624999999999999,0.06896551724137938,0.07172995780590714",0.0,"-0.10830324909747285,-0.10344827586206906,-0.07264957264957263"
sz000897,0.00126295380521696,"0.059040590405903946,0.06498194945848382,0.06925207756232687",0.0,"-0.05472636815920415,-0.04800000000000004,-0.04724409448818902"
sz002023,0.001234776470401057,"0.06763590391908977,0.08532110091743117,0.09164149043303124",0.0009435933921782909,"-0.09343065693430652,-0.06850828729281778,-0.066006600660066"
sz002033,0.0012334145862266642,"0.0672489082969432,0.06772009029345369,0.09371428571428575",0.0029732408325073697,"-0.08000000000000007,-0.06471183013144578,-0.06095238095238101"
sz000564,0.0012098972909633174,"0.07624633431085051,0.08148148148148139,0.09937888198757772",0.0032310936651771976,"-0.07713498622589526,-0.06622516556291397,-0.06606606606606612"
sz000810,0.001208798155290841,"0.06104651162790697,0.07012195121951219,0.09160305343511459",0.005312169312169317,"-0.08504398826979473,-0.08169014084507044,-0.07294832826747713"
sz000404,0.0012065907468279307,"0.08593750000000007,0.09243697478991586,0.09375000000000008",0.00593844378838775,"-0.11788617886178863,-0.08064516129032265,-0.07391304347826085"
sz000807,0.001203736993135726,"0.05163043478260868,0.06176470588235293,0.06628242074927954",0.0,"-0.05937499999999998,-0.05621301775147928,-0.055900621118012465"
sz000516,0.0012034724113264925,"0.05729166666666668,0.07512520868113526,0.08090614886731393",0.003816793893129859,"-0.07708779443254805,-0.058823529411764594,-0.05827505827505827"
sz000888,0.0011847215198403202,"0.05615942028985517,0.057641921397379926,0.07374631268436578",0.003571428571428654,"-0.11111111111111104,-0.10194174757281552,-0.07719928186714536"
sz000895,0.0011675361445677849,"0.06933523945675474,0.07741935483870975,0.08666666666666671",-0.0011195033935844799,"-0.0695652173913044,-0.061379310344827624,-0.04449307075127652"
sz000919,0.0011616209484589352,"0.05581395348837214,0.057220708446866476,0.07807308970099679",0.0,"-0.07985480943738664,-0.06947368421052633,-0.0693739424703892"
sz002038,0.0011520450137154597,"0.06999999999999997,0.07292817679558013,0.09059633027522926",0.0,"-0.08613861386138624,-0.07060185185185198,-0.06255666364460574"
sz000767,0.0011510792719297495,"0.043572984749455375,0.05458515283842795,0.06553911205074006",0.0022172949002216822,"-0.10262008733624449,-0.0671834625322998,-0.06504065040650413"
sz002020,0.0011402477643810368,"0.0631578947368422,0.06881720430107532,0.07268464243845243",0.0011961722488038023,"-0.07978723404255327,-0.06388526727509769,-0.05744680851063821"
sz000595,0.0011309426872822257,"0.0774193548387096,0.07744107744107744,0.11068702290076336",0.003787878787878707,"-0.10984848484848486,-0.10139860139860142,-0.0847457627118644"
sz000786,0.0011296782560998838,"0.07280513918629566,0.08000000000000007,0.08163265306122457",0.0,"-0.07849829351535835,-0.076923076923077,-0.06442577030812324"
sz000430,0.0011141486938888341,"0.09764309764309764,0.09836065573770486,0.10294117647058822",0.003076923076923148,"-0.1312056737588653,-0.10055865921787718,-0.09649122807017553"
sz002026,0.0011099266706966027,"0.05945121951219521,0.07200000000000001,0.07713884992987374",0.0013071895424836323,"-0.09935483870967748,-0.06393442622950815,-0.05925925925925931"
sz000550,0.0010932031594974776,"0.09090909090909081,0.09109730848861292,0.09874608150470218",0.0,"-0.09871244635193133,-0.08595041322314043,-0.0649350649350649"
sz000007,0.0010865599709346258,"0.10638297872340424,0.1070559610705597,0.1095890410958904",0.0,"-0.10248447204968932,-0.08235294117647053,-0.06557377049180321"
sz000590,0.0010843308122297835,"0.0684931506849315,0.09620991253644316,0.10941475826972014",0.0057142857142857195,"-0.108786610878661,-0.09712230215827339,-0.09384164222873909"
sz000663,0.0010693578255078033,"0.06319702602230481,0.06474820143884882,0.07419354838709677",0.0034452904480657357,"-0.08188585607940448,-0.06756756756756747,-0.06469002695417783"
sz000789,0.001067998516932212,"0.07971014492753631,0.08024691358024698,0.08593750000000007",0.004566210045662206,"-0.11153846153846154,-0.09570957095709573,-0.09546539379474926"
sz002011,0.0010566339845564125,"0.06112469437652812,0.0727272727272728,0.0761194029850746",0.001199884834089084,"-0.09999999999999988,-0.09178743961352662,-0.06441223832528187"
sz000905,0.0010526679378818292,"0.0483028720626632,0.054014598540145876,0.07682458386683746",0.0005813953488371969,"-0.07571428571428575,-0.0663956639566396,-0.04557291666666674"
sz000920,0.0010515155410741285,"0.09121061359867327,0.1005154639175257,0.14186046511627903",0.005708695346862736,"-0.12186379928315406,-0.11253196930946278,-0.10995850622406625"
sz000055,0.0010488927977519247,"0.08864265927977835,0.09077155824508329,0.09165302782324067",0.0018484288354897942,"-0.10981308411214946,-0.09339774557165863,-0.0819964349376114"
sz000026,0.0010421183088512452,"0.1035120147874306,0.10638297872340426,0.11057692307692317",0.0,"-0.09000000000000004,-0.08831168831168827,-0.08215297450424931"
sz000725,0.0010388518299146784,"0.075,0.08027522935779818,0.09316770186335412",0.004687500000000039,"-0.12994350282485875,-0.09422492401215807,-0.08814589665653497"
sz002009,0.001001977864045168,"0.0670731707317074,0.08026315789473677,0.09400921658986172",0.0021810250817883943,"-0.09403669724770644,-0.07955689828801603,-0.06358381502890179"
sz000632,0.0009827777665391197,"0.09090909090909093,0.10472972972972974,0.13902439024390242",0.0036101083032490204,"-0.11039794608472404,-0.10374639769452446,-0.10320284697508898"
sz000048,0.0009772236242600117,"0.05284552845528451,0.05913978494623661,0.07450980392156861",0.004032520325203256,"-0.07567567567567562,-0.0638297872340425,-0.056277056277056425"
sz000617,0.0009736342725191623,"0.06726457399103142,0.07315233785822026,0.09022038567493104",0.0014970059880239203,"-0.12287334593572785,-0.09697933227344997,-0.07901726427622827"
sz000923,0.0009703656569198892,"0.07943925233644866,0.09090909090909093,0.10344827586206898",0.00686498855835246,"-0.11627906976744196,-0.10597826086956524,-0.10204081632653071"
sz000429,0.0009672970165180126,"0.05244755244755242,0.060034305317324274,0.08364312267657996",0.0,"-0.06074766355140181,-0.05473684210526311,-0.04780876494023909"
sz000567,0.0009619502304351763,"0.07578947368421059,0.08480565371024743,0.09604519774011296",0.0010917030567685357,"-0.09999999999999988,-0.08719346049046305,-0.08582089552238804"
sz000063,0.0009591450061030123,"0.050218340611353655,0.05519999999999996,0.06691312384473193",0.00019920318725095637,"-0.05109170305676848,-0.04965089216446848,-0.04840000000000003"
sz000851,0.0009559847252253842,"0.07003257328990238,0.07675906183368876,0.07763975155279502",0.0043883661248931075,"-0.1070038910505838,-0.10208816705336438,-0.09411764705882363"
sz000950,0.0009375435885689024,"0.056782334384858094,0.060975609756097456,0.07185628742514963",0.0025839793281653197,"-0.10038610038610048,-0.07954545454545449,-0.07462686567164178"
sz000816,0.0009346600372247024,"0.04519774011299427,0.048076923076923045,0.0634920634920634",0.0031847133757961104,"-0.12211221122112216,-0.0727272727272728,-0.05947955390334578"
sz000610,0.0009345016813771201,"0.07161803713527852,0.07333333333333335,0.07777777777777785",0.0041152263374484715,"-0.08225108225108223,-0.07731958762886594,-0.07711442786069665"
sz000957,0.0009342808702721763,"0.07526881720430106,0.07692307692307684,0.09448818897637803",0.0034843205574913694,"-0.0944444444444444,-0.08108108108108107,-0.07633587786259549"
sz000669,0.0008848258192873232,"0.0907563025210084,0.09643605870020965,0.10998552821997103",0.003159557661927403,"-0.11090225563909771,-0.09788359788359803,-0.09073359073359069"
sz000417,0.0008823520338073953,"0.05333333333333338,0.053521126760563364,0.06958762886597938",0.0025641025641025095,"-0.07260726072607253,-0.06371191135734072,-0.06211180124223594"
sz000521,0.0008737385137079933,"0.0636704119850187,0.08532423208191126,0.12019230769230768",0.0030864197530864907,"-0.08365019011406835,-0.07428571428571422,-0.07389162561576351"
sz001896,0.0008670433947833981,"0.07692307692307684,0.08933002481389586,0.09830508474576272",0.0,"-0.1088709677419355,-0.08888888888888896,-0.07843137254901951"
sz000623,0.0008635590950871282,"0.051948051948052,0.05797101449275367,0.09849749582637726",0.0017264288097621062,"-0.07633587786259542,-0.049701789264413515,-0.046296296296296294"
sz000010,0.0008601784313011918,"0.05999999999999999,0.06666666666666672,0.08333333333333341",0.004157890302468659,"-0.12063492063492061,-0.10000000000000009,-0.09130434782608694"
sz000596,0.0008595138389644994,"0.07908163265306124,0.09284332688588016,0.09493670886075957",0.0,"-0.09429824561403523,-0.08053691275167778,-0.07205623901581724"
sz002001,0.0008589304681452352,"0.06003289473684214,0.06908768821966353,0.09662288930581624",0.0010051925721454168,"-0.10316649642492356,-0.06955530216647676,-0.06069651741293526"
sz000042,0.0008588316882562092,"0.05714285714285713,0.07425742574257432,0.08819538670284943",0.0012853470437018861,"-0.05974395448079657,-0.05606060606060608,-0.054237288135593115"
sz000599,0.0008521153752410663,"0.05904059040590411,0.07352941176470594,0.08658743633276737",0.0017543859649122432,"-0.0669856459330142,-0.06329113924050629,-0.061302681992337224"
sz000802,0.0008453588522559518,"0.052083333333333266,0.05309734513274341,0.06205250596658716",0.002624689997244423,"-0.08284023668639048,-0.05666666666666664,-0.053364269141531424"
sz000628,0.000839039179464163,"0.08806818181818184,0.09657320872274146,0.12371134020618557",0.0038610038610039504,"-0.09915014164305952,-0.08741258741258742,-0.0826086956521739"
sz000965,0.0008355134124385734,"0.06415094339622639,0.06959706959706974,0.06986899563318764",0.0029198635976129604,"-0.08778625954198473,-0.07633587786259549,-0.07207207207207213"
sz000619,0.0008339347826662535,"0.05235602094240834,0.06016260162601628,0.07377049180327873",0.0,"-0.042513863216266254,-0.03797468354430379,-0.034351145038167885"
sz000721,0.0008265077237198385,"0.053254437869822535,0.0573065902578797,0.07341772151898734",0.0031446540880502474,"-0.09798270893371754,-0.07643312101910835,-0.06896551724137938"
sz000547,0.000819850133934723,"0.059288537549407085,0.061702127659574474,0.06653225806451614",0.004128323108384371,"-0.10126582278481021,-0.09826589595375719,-0.08177570093457935"
sz000006,0.0008091486491203714,"0.06167400881057274,0.06473214285714286,0.09012875536480684",0.0024330900243310642,"-0.10153846153846156,-0.05596107055961059,-0.055415617128463525"
sz000838,0.0008076235528780668,"0.07452725250278086,0.08284023668639051,0.08788598574821856",0.0025840483424031577,"-0.12814895947426067,-0.11162790697674414,-0.07555555555555553"
sz000025,0.0008050431405730687,"0.0791139240506329,0.08405797101449276,0.08630952380952382",0.0,"-0.10410958904109599,-0.0596590909090909,-0.05928853754940726"
sz000019,0.0007836698597276317,"0.08768267223382044,0.09818181818181819,0.10058027079303684",0.002098656683549834,"-0.1199095022624435,-0.10599078341013825,-0.10406091370558368"
sz000893,0.0007810004006943833,"0.06040268456375844,0.0628415300546448,0.11581920903954794",0.002808988764045009,"-0.10041841004184109,-0.08490566037735849,-0.07633587786259549"
sz000670,0.0007621253227424457,"0.09126984126984126,0.092,0.11604095563139942",0.0031152647975077217,"-0.1161048689138577,-0.10416666666666667,-0.10091743119266043"
sz000045,0.0007603627929381158,"0.09090909090909081,0.09883720930232553,0.1011235955056181",0.0015649452269170245,"-0.10845295055821381,-0.08445297504798473,-0.07421874999999997"
sz000002,0.0007587747503976668,"0.04102564102564106,0.04197080291970794,0.048837209302325574",0.0017880655016810482,"-0.06572769953051649,-0.06263048016701457,-0.06199460916442048"
sz002022,0.0007453195814172632,"0.07439198855507875,0.08512160228898435,0.09311348205625614",0.00031847133757961104,"-0.09896602658788774,-0.08019801980198026,-0.06595365418894832"
sz000809,0.0007295616838772516,"0.09010989010989015,0.09185803757828818,0.1",0.0024474603858490153,"-0.09740259740259744,-0.09476309226932689,-0.09203980099502491"
sz000040,0.0007280249779157092,"0.0817307692307693,0.08421052631578943,0.08974358974358973",0.00341881340876144,"-0.0701754385964911,-0.06451612903225812,-0.06392694063926946"
sz000612,0.000722414858470003,"0.09152542372881356,0.09477124183006537,0.09565217391304338",0.00137741046831953,"-0.08487084870848707,-0.0827067669172933,-0.07065217391304342"
sz000858,0.0007219825837696863,"0.038674033149171304,0.05276381909547738,0.056953642384106044",0.0013037809647978862,"-0.06051437216338872,-0.06016042780748665,-0.04634831460674158"
sz002005,0.0007180957838102537,"0.07824933687002651,0.0861581920903954,0.09708737864077673",0.001385041551246508,"-0.10883482714468626,-0.09978768577494687,-0.07261029411764698"
sz000799,0.0007176600561825787,"0.078125,0.08012820512820512,0.0833333333333334",0.0033112582781456247,"-0.08965517241379319,-0.08777429467084648,-0.08000000000000007"
sz000980,0.0007139356615818059,"0.052000000000000136,0.0588235294117647,0.05901639344262286",0.0034782713898566815,"-0.06617647058823535,-0.06319702602230481,-0.05743243243243241"
sz000681,0.0007130399472904232,"0.08732394366197173,0.08955223880597023,0.09722222222222215",0.003759398496240521,"-0.08849557522123902,-0.08407079646017697,-0.07547169811320745"
sz000698,0.0006970942488018319,"0.059523809523809444,0.08000000000000007,0.09696969696969693",0.0022321428571430075,"-0.10000000000000009,-0.08450704225352121,-0.08074534161490676"
sz000598,0.0006532321735248034,"0.056818181818181816,0.07221006564551423,0.07736389684813753",0.0025839965813792025,"-0.10370370370370363,-0.09939759036144581,-0.07746478873239428"
sz000029,0.0006511608431480004,"0.08256880733944941,0.09803921568627455,0.1089108910891088",0.0023809523809525416,"-0.11231884057971017,-0.09210526315789481,-0.08498583569405095"
sz000049,0.0006449277475739861,"0.07470288624787783,0.08414239482200656,0.09132420091324209",0.005286676023798625,"-0.12289562289562281,-0.0994671403197159,-0.08396946564885494"
sz000826,0.0006379103331227441,"0.062350119904076795,0.06696428571428567,0.07142857142857142",0.004963907233911794,"-0.11111111111111108,-0.10224438902743146,-0.09523809523809516"
sz000932,0.0006325224758209837,"0.051851851851851954,0.052173913043478314,0.07179487179487175",0.0,"-0.08351177730192713,-0.04319654427645773,-0.041162227602905554"
sz000877,0.0006251518588988574,"0.08108108108108115,0.09798994974874375,0.09855769230769233",0.0030395136778116204,"-0.10084033613445388,-0.09178743961352655,-0.08749999999999994"
sz000755,0.000623971713918313,"0.06216696269982232,0.06585788561525144,0.08122743682310472",0.0017037601522953377,"-0.08888888888888896,-0.06590909090909092,-0.06396588486140721"
sz002016,0.0006232961671221763,"0.05891016200294556,0.07902735562310023,0.10280373831775698",0.0013684882766171332,"-0.13747228381374726,-0.09485094850948524,-0.08987341772151909"
sz000713,0.0006203765485666564,"0.0454545454545455,0.049275362318840554,0.05572755417956661",0.0034313494679348356,"-0.10216718266253873,-0.09259259259259253,-0.0871369294605809"
sz002006,0.0006149651367068347,"0.0690423162583518,0.08493150684931508,0.08814589665653497",0.001489805426752126,"-0.08682634730538924,-0.08363636363636358,-0.07183098591549293"
sz000513,0.0006098620210543364,"0.05064935064935072,0.06907378335949757,0.0837500000000001",0.0021786492374727207,"-0.11089108910891099,-0.08970588235294123,-0.06508875739644972"
sz000711,0.0005930155853430942,"0.06499999999999995,0.07614213197969538,0.07821229050279337",0.0033222591362127014,"-0.10526315789473693,-0.0838709677419354,-0.07309941520467836"
sz000759,0.0005927639462785873,"0.049356223175965754,0.05,0.053830227743271175",0.0020100685241451104,"-0.07599999999999998,-0.06698564593301441,-0.06382978723404245"
sz000401,0.000591657560925377,"0.054662379421221846,0.060000000000000143,0.08482142857142874",0.0013333333333333049,"-0.10344827586206896,-0.08898305084745761,-0.06306306306306292"
sz000554,0.0005904591482265948,"0.0852272727272728,0.08860759493670887,0.09582309582309585",0.0,"-0.10714285714285725,-0.09831460674157305,-0.08766233766233766"
sz000876,0.0005867884652526159,"0.06606606606606612,0.07256894049346879,0.08074534161490687",0.0014662756598240157,"-0.09983896940418667,-0.06724137931034493,-0.05284015852047549"
sz000750,0.0005782878488876767,"0.0812720848056537,0.09121621621621623,0.09578544061302682",0.0029850746268657406,"-0.1018867924528302,-0.10000000000000007,-0.09210526315789473"
sz000969,0.0005638314308780433,"0.07599309153713306,0.08078994614003593,0.08191126279863488",0.000809061488673122,"-0.10653753026634392,-0.10496183206106867,-0.08614232209737828"
sz000518,0.00053892945124223,"0.0647058823529411,0.07065217391304354,0.08636363636363634",0.0,"-0.11046511627906974,-0.07878787878787887,-0.06993006993006999"
sz000761,0.0005379064725029076,"0.06622516556291387,0.0708333333333333,0.07107843137254903",0.0,"-0.05645161290322579,-0.053846153846153835,-0.05348837209302336"
sz000533,0.0005333682136103877,"0.09189189189189197,0.09558823529411772,0.09574468085106384",0.0030674846625767583,"-0.10975609756097562,-0.10937499999999999,-0.08571428571428563"
sz000544,0.0005058295444162015,"0.05653710247349813,0.060606060606060656,0.06315789473684216",0.003968253968253884,"-0.08444444444444442,-0.08154506437768237,-0.07818930041152261"
sz000829,0.0005052324030192718,"0.06818181818181814,0.08313539192399053,0.08612440191387558",0.00238095238095233,"-0.11046511627906982,-0.10942249240121577,-0.10894941634241255"
sz000935,0.0004895586900514369,"0.07058823529411772,0.08132530120481929,0.09893992932862199",0.00338410444342648,"-0.12052117263843652,-0.08955223880597023,-0.08000000000000007"
sz000421,0.00048687119587980684,"0.06115107913669063,0.06172839506172836,0.08119658119658119",0.0,"-0.06896551724137923,-0.06834532374100734,-0.06201550387596905"
sz000410,0.00047289398391301817,"0.06649937264742778,0.08137715179968695,0.08208955223880594",0.0013689260348930614,"-0.0741797432239657,-0.06010928961748635,-0.059322033898305024"
sz000702,0.00045851554329213865,"0.06914893617021284,0.06920415224913501,0.09252669039145915",0.0029498781761224573,"-0.07999999999999995,-0.06589147286821702,-0.0655737704918032"
sz000911,0.00044263972459438264,"0.07798165137614675,0.08914728682170542,0.09502262443438923",0.0011867222253505011,"-0.09447004608294934,-0.090909090909091,-0.07377049180327876"
sz000981,0.00043763263490313205,"0.0697167755991286,0.07173913043478262,0.0858369098712447",0.0022573363431150763,"-0.10215053763440869,-0.08732394366197185,-0.06750000000000012"
sz000753,0.00043105111105126514,"0.06079027355623092,0.06506849315068491,0.07117437722419935",0.0,"-0.0829875518672198,-0.07983193277310922,-0.07761194029850753"
sz000952,0.0004268973077039563,"0.049382716049382755,0.05513784461152876,0.06406685236768803",0.0,"-0.09415584415584416,-0.08169934640522876,-0.07142857142857142"
sz000960,0.000416175972253509,"0.05862068965517239,0.0702541106128551,0.09600000000000009",0.001356852103120731,"-0.09937888198757758,-0.07667210440456766,-0.06371681415929194"
sz000985,0.00041423779197200504,"0.06485849056603771,0.07246376811594203,0.07335329341317369",0.0015267175572518759,"-0.10708898944193061,-0.08472222222222214,-0.07509881422924905"
sz000833,0.00040530295855849063,"0.06493506493506493,0.07849829351535835,0.10591900311526475",0.002783836087731151,"-0.10298102981029808,-0.09774436090225555,-0.08490566037735849"
sz000898,0.00039613603422549256,"0.06354515050167221,0.08932461873638348,0.08941176470588233",0.0,"-0.05412371134020618,-0.05263157894736841,-0.04999999999999994"
sz000782,0.00038986453488251796,"0.09310344827586207,0.09686609686609683,0.09717868338557996",0.004093699299178759,"-0.1153846153846154,-0.1083743842364533,-0.08741258741258742"
sz000506,0.0003732309098839943,"0.07262569832402241,0.0792682926829269,0.09022556390977451",0.0057142857142857195,"-0.10671936758893281,-0.10638297872340435,-0.08783783783783791"
sz000951,0.00037128501470028174,"0.07657142857142857,0.09297725024727987,0.09479305740987984",0.0005458515283842678,"-0.10068965517241385,-0.08969072164948447,-0.08765432098765422"
sz000504,0.0003704434091467559,"0.08595988538681956,0.09090909090909086,0.10119047619047633",0.004552352048558459,"-0.12647058823529417,-0.10891089108910901,-0.1075268817204301"
sz000695,0.00034055436717180876,"0.06698564593301441,0.07291666666666662,0.0850111856823266",0.002702702702702765,"-0.0792682926829269,-0.06569343065693442,-0.05747126436781606"
sz000159,0.00033915905714130873,"0.07766990291262126,0.09368635437881873,0.09417040358744405",0.006578947368421058,"-0.11032863849765273,-0.1051136363636364,-0.09770114942528749"
sz000605,0.0003371161946200482,"0.0812182741116752,0.08731808731808731,0.08854166666666663",0.003518489865387593,"-0.10412147505423001,-0.10123966942148765,-0.0879999999999999"
sz000678,0.0003265857556490764,"0.05312499999999998,0.05645161290322579,0.06104651162790697",0.0030864197530864907,"-0.08965517241379319,-0.08304498269896185,-0.07662835249042153"
sz002012,0.00031287154507832335,"0.08999158957106815,0.09699453551912568,0.09928229665071761",0.0,"-0.12910618792971731,-0.10454545454545462,-0.10370370370370363"
sz000819,0.00030290639492107477,"0.06785714285714284,0.06882591093117406,0.07345575959933213",0.0036363636363637205,"-0.1132478632478633,-0.10540540540540531,-0.08421052631578956"
sz000100,0.00029840288015110214,"0.06829268292682933,0.07268170426065164,0.07563025210084022",0.0,"-0.10869565217391305,-0.07739938080495357,-0.06395348837209308"
sz000536,0.0002907394904197861,"0.05490196078431378,0.05639097744360915,0.07377049180327876",0.0037383308178210936,"-0.08139534883720928,-0.08118081180811816,-0.07949790794979077"
sz000528,0.00028014631465839965,"0.06134969325153371,0.06496519721577712,0.0778301886792452",0.0,"-0.09768637532133673,-0.0867469879518073,-0.07177033492822962"
sz002037,0.000279319778407421,"0.08422664624808572,0.08477508650519035,0.08847184986595176",0.0012547051442910648,"-0.11132812500000006,-0.10114942528735621,-0.08908045977011483"
sz000793,0.0002708165285826192,"0.05464480874316932,0.06707317073170725,0.07262569832402228",0.0,"-0.04065040650406502,-0.03514376996805108,-0.03405572755417967"
sz000014,0.0002671249752630857,"0.057335581787521205,0.06589785831960467,0.06788990825688075",0.00162403519401495,"-0.07872340425531917,-0.06896551724137938,-0.05631067961165049"
sz000983,0.00025808519546947407,"0.07142857142857141,0.0813609467455621,0.08474576271186446",0.004193332864477112,"-0.11111111111111123,-0.0938833570412518,-0.08807482462977403"
sz000703,0.00024748286655161734,"0.07586206896551731,0.07738095238095231,0.08794788273615636",0.004021026871246637,"-0.08823529411764697,-0.08638743455497384,-0.07804878048780495"
sz000800,0.0002468385262065028,"0.07051282051282057,0.07213114754098368,0.09020618556701034",0.0,"-0.06569343065693437,-0.06405693950177925,-0.05705705705705704"
sz002030,0.00023558300238778432,"0.09135559921414536,0.09232026143790856,0.1067357512953369",-0.0021501975919633164,"-0.09363295880149813,-0.08192771084337346,-0.07309644670050768"
sz000558,0.00022639383706614348,"0.08000000000000007,0.08281573498964792,0.09310344827586207",0.0028169014084506445,"-0.10410958904109599,-0.07920792079207928,-0.0779510022271716"
sz000553,0.00022407599014752401,"0.04607046070460715,0.05294117647058828,0.05653710247349828",0.0028248587570620866,"-0.10317460317460327,-0.07598784194528875,-0.07232704402515722"
sz000591,0.00021911153050726013,"0.059160305343511375,0.07584830339321373,0.077634011090573",0.0019591814804580344,"-0.0802603036876354,-0.07160493827160495,-0.060402684563758295"
sz000822,0.00020886591208611724,"0.054193548387096765,0.05647058823529417,0.09492273730684339",0.0,"-0.09562841530054635,-0.08604651162790701,-0.07763157894736841"
sz000530,0.00019602138200162591,"0.047493403693931444,0.06951871657754005,0.07235142118863055",0.0,"-0.0666666666666666,-0.052083333333333384,-0.051724137931034454"
sz000627,0.0001934817458215053,"0.05668016194331989,0.06274509803921574,0.0909090909090909",0.0,"-0.11111111111111122,-0.09523809523809533,-0.07539682539682538"
sz001696,0.00017832878653829847,"0.06896551724137938,0.09145129224652086,0.11437908496732015",0.0,"-0.10919540229885068,-0.06271777003484326,-0.05918367346938776"
sz000012,0.0001771319277676948,"0.07738095238095231,0.08413001912045896,0.08527131782945738",0.0,"-0.09111111111111095,-0.07292954264524103,-0.07218683651804668"
sz000639,0.00017466369149175438,"0.019584569732937793,0.020359281437125742,0.033714285714285704",0.0,"-0.056363636363636345,-0.02188449848024313,-0.019512195121951237"
sz000581,0.00016600740302836922,"0.06711409395973146,0.07058823529411763,0.08779011099899084",-0.0010162601626016044,"-0.07529411764705868,-0.06796116504854362,-0.06357758620689655"
sz000070,0.00015125842569915372,"0.08966861598440545,0.09782608695652159,0.09925925925925926",0.0033167495854063782,"-0.11060948081264114,-0.10798122065727721,-0.094302554027505"
sz000705,0.00015044538087748174,"0.051428571428571476,0.05449591280653944,0.056603773584905655",0.0,"-0.06999999999999999,-0.05504587155963308,-0.04794520547945195"
sz002004,0.0001393269520959111,"0.0667613636363636,0.07620164126611963,0.09589041095890413",0.0,"-0.09493670886075949,-0.07860262008733625,-0.06935483870967737"
sz000688,0.00013578366935196453,"0.08000000000000007,0.09701492537313441,0.10749185667752446",0.0034364261168385673,"-0.14644351464435149,-0.1085972850678734,-0.10000000000000009"
sz000929,0.00012971060841354096,"0.05235602094240831,0.06666666666666665,0.07232704402515722",0.0034602076124568273,"-0.08812260536398467,-0.0756302521008404,-0.059649122807017514"
sz000729,0.00012677238915229056,"0.04590163934426234,0.04649265905383363,0.05774278215223091",0.0017714791851195372,"-0.10162002945508106,-0.09463722397476336,-0.0663349917081261"
sz000566,0.00011900372859190642,"0.06597222222222221,0.07669616519174034,0.07804878048780495",0.0,"-0.07630522088353428,-0.06249999999999997,-0.059829059829059825"
sz000818,0.00011754287084993147,"0.05194805194805199,0.052459016393442526,0.09570957095709558",0.0,"-0.07627118644067804,-0.0634920634920634,-0.06115107913669063"
sz000403,0.00010113136782131468,"0.0904109589041096,0.0920398009950248,0.10357142857142859",0.0,"-0.10311750599520376,-0.09146341463414642,-0.08446866485013625"
sz000882,9.055624901146822e-05,"0.05740181268882173,0.0930787589498808,0.09365558912386708",0.003050595238095309,"-0.1041666666666667,-0.10299003322259138,-0.07887323943661967"
sz000630,8.466494137406918e-05,"0.06355932203389827,0.07491289198606282,0.0858369098712447",0.0035558955167270144,"-0.09302325581395336,-0.08179959100204488,-0.08064516129032265"
sz000777,6.025270139740182e-05,"0.06746987951807235,0.07647058823529405,0.08548387096774183",0.003597122302158197,"-0.09523809523809511,-0.09259259259259263,-0.07610993657505291"
sz000712,5.86032804442963e-05,"0.07305936073059358,0.08333333333333341,0.09297052154195014",0.0,"-0.08059701492537313,-0.07547169811320749,-0.07231920199501247"
sz000778,5.521870525093474e-05,"0.046306504961411234,0.050505050505050456,0.08605341246290801",0.0016207455429497223,"-0.08360128617363352,-0.07222222222222228,-0.05292479108635096"
sz002036,5.056379416477743e-05,"0.06960950764006779,0.07007299270072986,0.08490566037735853",0.0014124293785310433,"-0.10400000000000005,-0.09628008752735218,-0.06589147286821702"
sz000089,1.669813244038614e-05,"0.05368289637952567,0.05474452554744527,0.06161745827984601",0.0,"-0.08130081300813004,-0.06896551724137925,-0.05882352941176467"
sz000762,7.895448598052114e-07,"0.07906295754026355,0.0912778904665313,0.09570312500000004",0.0016970226011249951,"-0.09970674486803514,-0.09725685785536152,-0.08775510204081645"
sz000548,-1.8013574774258907e-05,"0.06410256410256415,0.07885304659498214,0.09157509157509157",0.0,"-0.08906882591093125,-0.07812500000000007,-0.058091286307053805"
sz000524,-1.9906874239462214e-05,"0.09144542772861358,0.09863945578231294,0.1134751773049645",0.0026848007841781167,"-0.08396946564885487,-0.0807017543859649,-0.07407407407407414"
sz000910,-4.1990508299220175e-05,"0.06142034548944343,0.08523908523908527,0.08997955010224958",0.0023752969121139636,"-0.07500000000000007,-0.06698564593301441,-0.06561679790026236"
sz000831,-4.436079929478531e-05,"0.059748427672955955,0.06451612903225812,0.07491856677524429",0.0,"-0.08558558558558556,-0.07164179104477618,-0.06764705882352941"
sz000625,-4.455314444296957e-05,"0.06618962432915923,0.08333333333333333,0.08854166666666663",0.0,"-0.10485436893203884,-0.08600000000000012,-0.07468123861566486"
sz000423,-4.877100635572552e-05,"0.06250000000000006,0.06911764705882349,0.11596009975062352",0.0,"-0.11548223350253797,-0.10592459605026927,-0.07848443843031125"
sz000039,-5.4107293166572346e-05,"0.0925221799746514,0.09909090909090908,0.10573770491803272",0.001980198019801938,"-0.10970149253731334,-0.09340101522842639,-0.08319127173542452"
sz000707,-6.036089844541137e-05,"0.06231454005934717,0.06626506024096378,0.06644518272425255",0.0,"-0.08626198083067094,-0.08614232209737828,-0.08536585365853658"
sz000731,-6.234386284751998e-05,"0.04987531172069819,0.05555555555555547,0.09700598802395216",0.0,"-0.08398950131233592,-0.060493827160493854,-0.059164733178654276"
sz000837,-6.333398223614695e-05,"0.06060606060606066,0.06725146198830409,0.0714285714285715",0.0,"-0.11436950146627556,-0.10561056105610571,-0.05660377358490563"
sz000036,-6.751405873415776e-05,"0.06233766233766239,0.07352941176470591,0.08776595744680854",0.0026666666666666098,"-0.11086474501108648,-0.10649350649350642,-0.08707865168539328"
sz000812,-6.90631669490475e-05,"0.05381165919282516,0.06493506493506493,0.0814249363867684",0.0021367521367520914,"-0.0833333333333333,-0.08074534161490676,-0.07764705882352943"
sz000758,-6.992988605180834e-05,"0.0574712643678161,0.0816777041942605,0.0997920997920997",0.0,"-0.060606060606060656,-0.05981308411214959,-0.05579399141630897"
sz000973,-9.490461421894536e-05,"0.056980056980056905,0.06353591160220994,0.0714285714285715",0.0021622253389433853,"-0.08403361344537823,-0.056962025316455604,-0.0545454545454546"
sz000966,-0.00010938702023950422,"0.061085972850678835,0.06779661016949158,0.07777777777777777",0.0032051282051281365,"-0.08904109589041088,-0.07142857142857134,-0.07106598984771569"
sz000426,-0.00011576484596440784,"0.05084745762711869,0.05500000000000005,0.062337662337662275",0.002495022399203531,"-0.06944444444444445,-0.06766917293233071,-0.05347593582887693"
sz000820,-0.00011816584311404889,"0.06201550387596887,0.07220216606498202,0.09259259259259259",0.0,"-0.10800000000000001,-0.08571428571428558,-0.07246376811594199"
sz000788,-0.00012423756028132117,"0.07523510971786827,0.07692307692307693,0.098360655737705",0.0012658227848101557,"-0.08561643835616438,-0.06666666666666668,-0.0666666666666666"
sz000936,-0.00014019522424121725,"0.0571428571428572,0.058227848101265814,0.0651685393258427",0.0,"-0.08894878706199451,-0.0812324929971989,-0.06583072100313479"
sz000099,-0.00014868282880605606,"0.046272493573264704,0.05869074492099338,0.07142857142857144",0.0,"-0.08888888888888896,-0.07865168539325834,-0.07486631016042775"
sz000158,-0.0001698604281551257,"0.08746355685131203,0.09120521172638431,0.09180327868852468",0.0012886597938144629,"-0.08394160583941604,-0.07981220657276993,-0.07575757575757582"
sz000958,-0.00017368808820445908,"0.05970149253731335,0.06440677966101693,0.0828025477707007",0.002854935133596263,"-0.07092198581560274,-0.07000000000000013,-0.06866952789699576"
sz000407,-0.00017449676831361992,"0.04744525547445251,0.05106382978723409,0.081180811808118",0.0032894736842104563,"-0.06666666666666674,-0.06642066420664196,-0.06172839506172836"
sz000652,-0.00018167569224361382,"0.06498194945848365,0.07903780068728522,0.08273381294964029",0.0,"-0.07665505226480827,-0.06093189964157703,-0.05863192182410414"
sz000798,-0.00018437346374603633,"0.043835616438356206,0.05319148936170218,0.053521126760563364",0.0012468827930174299,"-0.12637362637362637,-0.07604562737642576,-0.06306306306306306"
sz000948,-0.00019186965440880026,"0.06111111111111112,0.06339468302658498,0.06534954407294842",0.0031496062992125316,"-0.088379705400982,-0.07651245551601418,-0.0702479338842975"
sz000626,-0.00019362123598573472,"0.0529411764705883,0.060810810810810835,0.07786885245901648",0.0,"-0.059574468085106434,-0.05465587044534422,-0.053708439897698086"
sz000031,-0.00020214515184225774,"0.07321772639691712,0.08564231738035272,0.09491525423728821",0.0013908205841447392,"-0.10905349794238688,-0.10666666666666676,-0.08849557522123888"
sz000425,-0.00020440844435942854,"0.09268292682926817,0.09583333333333333,0.10021786492374728",0.0,"-0.11111111111111115,-0.07725321888412005,-0.07392996108949415"
sz000719,-0.00021983616975991752,"0.06666666666666665,0.06896551724137923,0.08385093167701864",0.0014792899408283709,"-0.10489510489510484,-0.07829181494661928,-0.07659574468085094"
sz000635,-0.0002262448686254586,"0.06657223796033991,0.0852601156069364,0.09344490934449093",0.0011037527593818748,"-0.07332293291731665,-0.06916996047430841,-0.0674019607843138"
sz000539,-0.0002350729766970882,"0.04228329809725162,0.052173913043478314,0.05230125523012552",0.0,"-0.05803571428571423,-0.05357142857142862,-0.047524752475247393"
sz000989,-0.00024006800926798836,"0.05625000000000005,0.05857740585774058,0.10264900662251643",0.0015267175572518759,"-0.08333333333333327,-0.08232931726907633,-0.06270096463022504"
sz000998,-0.00024320518954081924,"0.04909819639278559,0.050387596899224875,0.07666666666666681",0.0020995419579652843,"-0.10561056105610571,-0.1052631578947368,-0.05181818181818185"
sz000680,-0.0002536568171117366,"0.05976095617529895,0.06355932203389827,0.08235294117647057",0.0,"-0.09210526315789473,-0.08540925266903907,-0.06477732793522273"
sz000301,-0.0002611322153349261,"0.05937499999999998,0.05999999999999996,0.06451612903225812",0.0038387857353374627,"-0.08399999999999999,-0.07028753993610216,-0.06428571428571435"
sz000090,-0.000264521577228257,"0.07890222984562606,0.0820770519262982,0.09061488673139168",0.0,"-0.1100000000000001,-0.06315789473684216,-0.05633802816901401"
sz000972,-0.00027611211789219407,"0.07259259259259263,0.09062500000000001,0.09151193633952259",0.0018939393939393534,"-0.09908256880733946,-0.08600337268128158,-0.08405172413793116"
sz000503,-0.0002800661170277897,"0.092378752886836,0.09433962264150936,0.09600000000000009",0.00038461538461537643,"-0.09336609336609333,-0.08632395732298727,-0.07485029940119761"
sz000977,-0.0002826917572328883,"0.09653092006033177,0.09975369458128075,0.11442786069651747",0.0,"-0.09722222222222227,-0.07706093189964168,-0.07632398753894085"
sz000913,-0.00028492708341594535,"0.04516129032258054,0.04658385093167699,0.05882352941176468",0.0025974025974026572,"-0.06923076923076929,-0.06726457399103135,-0.060000000000000143"
sz000153,-0.0002906211730926345,"0.07940780619111708,0.08239095315024228,0.08273381294964029",0.0007062146892655217,"-0.09627329192546585,-0.08181818181818168,-0.07419354838709677"
sz000928,-0.0002944297319509018,"0.07936507936507936,0.0905923344947736,0.09477124183006537",0.0,"-0.13953488372093023,-0.07719298245614041,-0.07234042553191486"
sz000709,-0.0002989359105768053,"0.03225806451612911,0.038031319910514526,0.08121827411167509",0.0,"-0.03764705882352944,-0.031707317073170926,-0.030769230769230795"
sz000779,-0.0002999078677773073,"0.07539682539682538,0.07692307692307691,0.0819672131147541",0.004043192733688465,"-0.10714285714285716,-0.10413223140495867,-0.09909909909909918"
sz000785,-0.00030860354856935537,"0.08290155440414504,0.08982035928143707,0.09009009009009017",0.002531645569620199,"-0.07958477508650517,-0.07591623036649216,-0.07124681933842245"
sz000776,-0.00031606607495095163,"0.0657894736842105,0.0666666666666666,0.06756756756756747",0.0,"-0.10344827586206906,-0.09422492401215807,-0.08130081300813015"
sz002008,-0.00031999631802200594,"0.09334353481254787,0.09689922480620154,0.09790979097909798",0.0010097518375663855,"-0.09289099526066354,-0.08510638297872329,-0.07397260273972608"
sz000922,-0.00034583916031877786,"0.07623318385650221,0.09125475285171095,0.09868421052631574",0.005899705014749268,"-0.09767441860465115,-0.09417040358744393,-0.09302325581395357"
sz000933,-0.00035447484545063227,"0.06302521008403351,0.06812652068126519,0.0909822866344606",0.0,"-0.09532888465204957,-0.07668474051123148,-0.06807351940095303"
sz000821,-0.0003591533275844835,"0.04318936877076409,0.043624161073825614,0.05448717948717946",0.0,"-0.05300353356890456,-0.04744525547445251,-0.04744525547445251"
sz000697,-0.00036370380529159626,"0.0629139072847682,0.07560975609756089,0.09202453987730057",0.005405405405405451,"-0.10749185667752446,-0.09230769230769222,-0.08958837772397098"
sz000629,-0.00037218586854778835,"0.04276315789473681,0.06686046511627906,0.07992202729044837",0.0,"-0.04305283757338547,-0.039215686274509755,-0.03769841269841277"
sz000058,-0.0003762037650083991,"0.08375634517766499,0.08685968819599121,0.08865979381443312",0.00246612466124662,"-0.10401891252955091,-0.08888888888888896,-0.08433734939759034"
sz000546,-0.0003954781542248126,"0.06122448979591842,0.06172839506172845,0.07547169811320761",0.0,"-0.10793650793650804,-0.10600706713780912,-0.07692307692307687"
sz000912,-0.0004065211610449717,"0.05426356589147295,0.05929487179487181,0.09090909090909093",0.0,"-0.09075907590759073,-0.0704845814977973,-0.05145797598627784"
sz000886,-0.00041283010976599517,"0.04672897196261676,0.05078124999999996,0.06584362139917682",0.0,"-0.08438818565400832,-0.076923076923077,-0.06930693069306937"
sz000520,-0.00041395306384984956,"0.08823529411764701,0.09273182957393486,0.1023890784982936",0.0029252020698798944,"-0.11987381703470028,-0.11182108626198087,-0.0963541666666667"
sz001914,-0.0004261586751868276,"0.084375,0.09333333333333332,0.11519198664440726",0.0,"-0.08875739644970422,-0.0727272727272728,-0.07239057239057249"
sz000850,-0.00042766780389543737,"0.04832713754646836,0.05431309904153352,0.07522123893805327",0.0,"-0.09547738693467345,-0.07511737089201864,-0.06358381502890179"
sz000726,-0.0004458708094194942,"0.04551045510455094,0.07542579075425791,0.09491978609625668",0.001276041666666695,"-0.060025542784163555,-0.05925925925925931,-0.05604719764011798"
sz000859,-0.0004562714037869221,"0.046296296296296335,0.059574468085106434,0.08394160583941604",0.0,"-0.1085972850678734,-0.06949806949806957,-0.06363636363636369"
sz000756,-0.0005036367063759129,"0.06963788300835655,0.07098765432098765,0.08849557522123888",0.001333333333333364,"-0.10062893081761001,-0.076158940397351,-0.06907894736842105"
sz000685,-0.0005135070706164303,"0.05743243243243256,0.0598006644518273,0.07213114754098368",0.0012820512820513118,"-0.11244979919678706,-0.08219178082191776,-0.07870370370370366"
sz000498,-0.0005210983537809229,"0.05737704918032792,0.07031250000000006,0.08856088560885617",0.002770083102493016,"-0.10000000000000009,-0.10000000000000007,-0.09166666666666676"
sz000615,-0.0005255455977500212,"0.061111111111111165,0.06382978723404262,0.07045454545454556",0.002347417840375537,"-0.10958904109589052,-0.08934707903780076,-0.08250825082508251"
sz000668,-0.0005304643760350251,"0.06700167504187611,0.06875000000000002,0.08566978193146428",0.0006097560975609627,"-0.11178861788617883,-0.11030478955007267,-0.10247933884297522"
sz000519,-0.0005476631915660641,"0.07223796033994344,0.08141962421711893,0.08274894810659185",-0.0025974025974025996,"-0.08613728129205905,-0.07777777777777789,-0.0647058823529412"
sz000032,-0.0005488834378700083,"0.0812182741116752,0.08375209380234507,0.09392265193370163",0.0,"-0.09349593495934959,-0.07855626326963909,-0.07651245551601434"
sz000151,-0.0005503291432229702,"0.05497382198952879,0.06647398843930635,0.07804878048780495",0.003289473684210602,"-0.11199999999999997,-0.11191335740072204,-0.08611111111111112"
sz000915,-0.0005550984336943466,"0.056426332288401305,0.07006369426751598,0.09589041095890413",0.0029069767441861137,"-0.08856088560885617,-0.08064516129032258,-0.075"
sz000573,-0.0005719062308248004,"0.05555555555555553,0.05747126436781606,0.05928853754940726",0.0,"-0.050458715596330216,-0.049999999999999864,-0.047619047619047755"
sz002017,-0.0005831438659349376,"0.06454630495790455,0.07907425265188028,0.08150744960560909",-0.00036818851251840156,"-0.07290533188248095,-0.0684210526315788,-0.06798029556650241"
sz000679,-0.0005870814607190415,"0.049382716049382755,0.06100795755968169,0.07417582417582418",0.0025188916876574888,"-0.08852459016393444,-0.08205128205128201,-0.07228915662650609"
sz000990,-0.0005905224689528182,"0.09516129032258062,0.09734513274336296,0.09999999999999994",0.0019794497482125595,"-0.09923664122137396,-0.09568480300187614,-0.08200000000000003"
sz002003,-0.0005978341690894331,"0.07452725250278086,0.09286412512218974,0.09637046307884861",0.002373954966708225,"-0.11500701262272081,-0.08313253012048186,-0.07763975155279502"
sz000795,-0.0006076213309269497,"0.061403508771929814,0.06535947712418297,0.08069164265129677",0.003521126760563462,"-0.11272727272727275,-0.09936575052854116,-0.09832134292565951"
sz000883,-0.0006653275822604229,"0.0436507936507936,0.05042016806722694,0.08305647840531562",0.0030211480362538463,"-0.0746887966804978,-0.06274509803921574,-0.062499999999999965"
sz000692,-0.0006712668212478034,"0.05681818181818178,0.0807017543859649,0.09252669039145915",0.0,"-0.07438016528925609,-0.07100591715976325,-0.06870229007633594"
sz000510,-0.000677013797643976,"0.04444444444444448,0.05448717948717946,0.07299270072992707",0.0,"-0.0937499999999999,-0.08542713567839193,-0.05603448275862065"
sz000931,-0.0006798140509636697,"0.06349206349206354,0.06774193548387096,0.0725552050473186",0.0,"-0.06866952789699558,-0.06640625000000014,-0.05947955390334578"
sz000701,-0.0006934912389329192,"0.0875232774674115,0.09407665505226481,0.09455128205128217",0.0,"-0.11220472440944887,-0.09137931034482763,-0.08982035928143717"
sz000509,-0.000694641435994829,"0.0555555555555556,0.05769230769230763,0.10599078341013825",0.0,"-0.09486166007905147,-0.08173076923076919,-0.07878787878787887"
sz000988,-0.0006953494265804182,"0.06257668711656439,0.0639470782800441,0.06785137318255263",0.0021538263712847184,"-0.09294320137693633,-0.07747747747747759,-0.06722689075630259"
sz000902,-0.0007068592878942423,"0.07516339869281045,0.07954545454545453,0.12635379061371843",0.0033557046979866547,"-0.11920529801324499,-0.0992063492063492,-0.09157509157509157"
sz000917,-0.0007146961530119865,"0.06283662477558358,0.07343412526997838,0.08358509566968783",0.0,"-0.10622317596566526,-0.10142630744849442,-0.0706713780918727"
sz000751,-0.0007206590326237212,"0.04885057471264366,0.050473186119873725,0.06646525679758314",0.0,"-0.09032258064516137,-0.06872852233676982,-0.05698005698005704"
sz000534,-0.0007281745868325971,"0.08227848101265829,0.09126984126984126,0.09152542372881356",0.0,"-0.08627450980392147,-0.08024691358024684,-0.07920792079207914"
sz000677,-0.0007286941414417532,"0.06304347826086958,0.09090909090909094,0.09411764705882349",0.0,"-0.12195121951219524,-0.11052631578947367,-0.09294871794871795"
sz000059,-0.0007428362285686033,"0.048951048951048994,0.05534351145038168,0.07359307359307356",0.0,"-0.05292479108635096,-0.05242718446601933,-0.04672897196261679"
sz000609,-0.0007442437040969415,"0.058823529411764754,0.0654362416107382,0.06754221388367719",0.0,"-0.08842105263157893,-0.0859374999999999,-0.07984790874524714"
sz000815,-0.000745885054071401,"0.040816326530612276,0.05211726384364826,0.06770833333333344",0.0,"-0.06363636363636357,-0.05569007263922507,-0.04807692307692307"
sz000953,-0.0007470611746723107,"0.05428571428571427,0.0596590909090909,0.07615894039735113",0.0,"-0.10460251046025104,-0.09872611464968155,-0.08962264150943393"
sz000999,-0.0007519215970026731,"0.0695652173913044,0.08187134502923984,0.11858974358974347",-0.0024691358024690833,"-0.08115942028985501,-0.06613756613756626,-0.06104651162790697"
sz000967,-0.00075941329449272,"0.06349206349206354,0.06976744186046518,0.08353808353808338",0.0,"-0.12820512820512828,-0.07805907172995782,-0.0696969696969697"
sz000796,-0.000772501528255472,"0.047619047619047665,0.05625000000000005,0.06358381502890179",0.0,"-0.09148264984227131,-0.08064516129032252,-0.08033240997229918"
sz000752,-0.0007729510898698478,"0.06714628297362106,0.07177033492822973,0.09324009324009322",0.0026543874842462362,"-0.09794988610478374,-0.07971014492753625,-0.06774193548387096"
sz000739,-0.0007814290978969497,"0.06958250497017902,0.07658643326039398,0.08845208845208831",0.0,"-0.1122994652406418,-0.10658307210031344,-0.09629629629629638"
sz000997,-0.0007900694438703977,"0.07030303030303042,0.07284768211920528,0.0740425531914893",-0.0008554319931566778,"-0.09743589743589752,-0.09234507897934384,-0.0868320610687023"
sz000868,-0.0007961541738597186,"0.05614035087719303,0.05846153846153858,0.09688581314878901",0.0,"-0.07473309608540923,-0.06666666666666682,-0.06400000000000006"
sz000601,-0.0007963996862273335,"0.05492424242424243,0.05930470347648263,0.06278026905829583",0.0,"-0.08755760368663613,-0.061023622047244194,-0.04705882352941163"
sz002019,-0.0008039111596199549,"0.08592964824120608,0.0925925925925926,0.09717868338557988",0.0010168156928555046,"-0.10778816199376949,-0.1068702290076335,-0.07871878393051027"
sz000823,-0.000812217725485526,"0.07194244604316542,0.07326007326007332,0.07852193995381049",0.002604184327421927,"-0.10781671159029647,-0.1036789297658863,-0.09866666666666682"
sz000811,-0.0008231148618486229,"0.05818965517241371,0.07242990654205608,0.0932038834951457",0.0,"-0.10362694300518133,-0.09111111111111114,-0.0835734870317003"
sz000825,-0.0008286503644264768,"0.0463821892393321,0.05473684210526311,0.07228915662650598",0.0,"-0.04069767441860456,-0.039175257731958665,-0.03714285714285724"
sz000400,-0.0008321287887578822,"0.06694560669456054,0.07520325203252035,0.14373716632443517",0.0021881838074399723,"-0.11350574712643678,-0.10298102981029819,-0.10223642172523971"
sz000559,-0.00083299021741485,"0.07142857142857142,0.08441558441558449,0.08554572271386432",-0.0029940119760479733,"-0.06405693950177942,-0.06024096385542174,-0.057575757575757565"
sz000659,-0.0008362886846655108,"0.047457627118644104,0.05120481927710842,0.0593220338983052",0.0,"-0.08918918918918908,-0.08206686930091187,-0.07894736842105264"
sz000661,-0.0008540882810656877,"0.07506702412868639,0.07556675062972298,0.09585492227979266",0.005319148936170218,"-0.1216617210682493,-0.1180124223602484,-0.10954063604240284"
sz000737,-0.0008569355366795823,"0.06399999999999993,0.06529209621993125,0.07608695652173929",0.0,"-0.08363636363636363,-0.07089552238805968,-0.06792452830188686"
sz000906,-0.0008669655719881343,"0.07692307692307707,0.084375,0.10561056105610557",0.0036231884057970243,"-0.1111111111111111,-0.10447761194029853,-0.09552238805970158"
sz000021,-0.0008685352632133899,"0.07169344870210137,0.08128078817733993,0.08584686774941988",0.0011622033376372653,"-0.11124401913875595,-0.07797029702970307,-0.06901408450704229"
sz000878,-0.0008714979914467416,"0.044117647058823456,0.04497354497354496,0.07788944723618092",0.0,"-0.10597826086956524,-0.05225653206650825,-0.04986149584487539"
sz000008,-0.00087852660916366,"0.08203125000000006,0.09556313993174069,0.13231323132313222",0.0013809544186975963,"-0.11342155009451789,-0.1033519553072626,-0.10039370078740154"
sz000027,-0.0008860827136331165,"0.041847041847041855,0.04234972677595623,0.06201550387596905",0.0,"-0.0647058823529411,-0.05762711864406777,-0.053935860058309054"
sz000001,-0.0009079336644508564,"0.07363770250368189,0.07617504051863853,0.08575803981623284",-0.001531393568146981,"-0.08166969147005448,-0.05809859154929579,-0.051364365971107585"
sz000716,-0.0009244105986977022,"0.06159420289855071,0.06444444444444446,0.10270270270270279",0.004784688995215209,"-0.11309523809523819,-0.10332103321033204,-0.09677419354838705"
sz000903,-0.0009454890074691716,"0.043478260869565306,0.04466501240694793,0.04700854700854696",0.0,"-0.05181347150259072,-0.04788732394366196,-0.04594594594594593"
sz000901,-0.0009696939872298315,"0.07481296758104745,0.07619047619047616,0.08428246013667429",0.002824858757062212,"-0.12280701754385967,-0.10854503464203227,-0.08955223880597009"
sz000541,-0.0009929067728166932,"0.05872193436960274,0.07966260543580145,0.0938037865748709",0.0,"-0.056179775280899014,-0.05059288537549411,-0.04791666666666657"
sz000062,-0.0010341102461588964,"0.06329113924050647,0.0708333333333333,0.07802874743326486",0.0,"-0.05962059620596211,-0.058956916099773396,-0.058823529411764754"
sz000157,-0.001041404839304621,"0.05144694533762063,0.058823529411764615,0.06375838926174494",0.0,"-0.12074829931972789,-0.09007352941176473,-0.08093525179856102"
sz000088,-0.0011125057876869608,"0.05655526992287922,0.07776669990029922,0.08820882088208809",0.0,"-0.08899521531100477,-0.08445297504798473,-0.07724867724867711"
sz000962,-0.0011172753907831615,"0.06878306878306872,0.07860262008733632,0.09071274298056155",0.0014705882352940864,"-0.12312312312312317,-0.11982570806100214,-0.11084337349397588"
sz000959,-0.0011342552330199749,"0.05336426914153122,0.06185567010309284,0.09169054441260753",0.0,"-0.06269592476489019,-0.06050955414012737,-0.055384615384615435"
sz000560,-0.0011365181166474272,"0.05033557046979878,0.05099150141643052,0.0571428571428572",0.003053442231670026,"-0.10400000000000015,-0.07467532467532467,-0.06779661016949158"
sz000507,-0.001168532255313494,"0.04901960784313726,0.05470459518599562,0.09020618556701034",0.0026525198938991477,"-0.09693877551020405,-0.09677419354838711,-0.0960187353629977"
sz000597,-0.001172527714740472,"0.06104651162790697,0.07121661721068243,0.07352941176470588",0.0,"-0.09913793103448276,-0.0935483870967742,-0.07741935483870975"
sz000735,-0.0012051881266253546,"0.053921568627451025,0.06557377049180334,0.06666666666666682",0.0,"-0.09952606635071089,-0.0677966101694916,-0.06666666666666672"
sz000009,-0.001217675188459857,"0.07234042553191486,0.07653061224489792,0.08984374999999999",0.0029465882067038146,"-0.11475409836065571,-0.0975609756097562,-0.07894736842105271"
sz000637,-0.0012191090019071534,"0.035252643948296206,0.03614457831325288,0.092156862745098",-0.0011834319526626968,"-0.05756358768406958,-0.0502008032128514,-0.04103671706263508"
sz000909,-0.0012361268851689131,"0.07050359712230218,0.08687258687258691,0.09063893016344729",0.0,"-0.1070234113712374,-0.1010989010989011,-0.07869481765834918"
sz000937,-0.0012431790855583552,"0.07017543859649122,0.07889413351314901,0.09046052631578945",0.0,"-0.15911872705018368,-0.07619047619047625,-0.0714285714285714"
sz000531,-0.0012480774407234402,"0.04918032786885254,0.07050359712230206,0.0775862068965516",-0.0006896551724137784,"-0.0801815431164902,-0.07037037037037035,-0.06438631790744473"
sz000571,-0.0012547836479732774,"0.0657276995305164,0.08139534883720925,0.09278350515463915",0.0,"-0.1111111111111111,-0.09340659340659349,-0.08947368421052629"
sz000422,-0.0012572376188053765,"0.06630824372759858,0.06866952789699576,0.09608540925266905",0.001992031872509918,"-0.10588235294117648,-0.10079575596816985,-0.08538350217076698"
sz000532,-0.001260376050741234,"0.07013574660633476,0.0710743801652892,0.10313901345291479",0.002548966126350849,"-0.10505836575875488,-0.09756097560975618,-0.09237875288683611"
sz000551,-0.0012937884119695094,"0.05365853658536591,0.06407322654462248,0.06849315068493157",0.0,"-0.10850439882697936,-0.09651474530831096,-0.08333333333333319"
sz000949,-0.0013473097539887379,"0.07387862796833768,0.07964601769911493,0.10294117647058831",0.0,"-0.11111111111111113,-0.11059907834101372,-0.0944444444444444"
sz000881,-0.0013670108591116096,"0.05014749262536871,0.050445103857566745,0.0685714285714285",0.0,"-0.1016260162601626,-0.09198813056379823,-0.08465608465608473"
sz000839,-0.0014041870968347005,"0.051200000000000044,0.05623901581722309,0.06869479882237481",0.0003759398496240521,"-0.0872037914691943,-0.06200676437429546,-0.05711086226203805"
sz000875,-0.0014140500849217994,"0.05665722379603405,0.06363636363636363,0.06461538461538474",0.0,"-0.0573065902578797,-0.05395683453237423,-0.05323193916349798"
sz000717,-0.0014580383963757923,"0.05254237288135586,0.05439330543933068,0.08376963350785331",0.0,"-0.05791505791505788,-0.056547619047619034,-0.05479452054794526"
sz000733,-0.0014675308000932938,"0.057788944723618084,0.05915492957746478,0.0762331838565024",0.0025974025974026572,"-0.11746987951807233,-0.07928388746803058,-0.07777777777777785"
sz000720,-0.001540972561216224,"0.0637450199203188,0.0672268907563024,0.06949806949806939",0.0,"-0.10080645161290323,-0.07281553398058248,-0.06806282722513084"
sz000004,-0.0015525914113423845,"0.0673952641165756,0.07173913043478262,0.08828828828828833",-0.002247191011235907,"-0.12350597609561756,-0.09405940594059403,-0.09172259507829982"
sz000028,-0.0015676177656960741,"0.05116279069767436,0.06802721088435369,0.09053497942386839",0.0,"-0.10232558139534893,-0.08333333333333331,-0.07272727272727278"
sz000096,-0.0015832653486960587,"0.07969151670951158,0.08428246013667429,0.09200968523002419",0.0,"-0.08896797153024912,-0.0741687979539642,-0.06268656716417909"
sz000543,-0.001659304276493979,"0.04941176470588234,0.06216216216216215,0.08900523560209421",0.0,"-0.0889370932754879,-0.06176470588235293,-0.05999999999999991"
sz000889,-0.0017041659072135136,"0.059027777777777755,0.0914127423822715,0.09872611464968155",0.0029545256175263403,"-0.11023622047244104,-0.10144927536231894,-0.10000000000000002"
sz000066,-0.0017111207597029104,"0.05057955742887235,0.053797468354430354,0.08618654073199532",0.0,"-0.06847545219638235,-0.05097613882863347,-0.04829857299670686"
sz000488,-0.0017128085823371077,"0.0562015503875969,0.06896551724137948,0.0818815331010454",-0.001995072519144693,"-0.09814814814814819,-0.07432432432432433,-0.06629834254143642"
sz000700,-0.001720035198691713,"0.05361930294906171,0.06832298136645969,0.07166123778501636",0.0,"-0.06324110671936747,-0.0531914893617021,-0.052816901408450675"
sz000570,-0.0017560582042099354,"0.062068965517241385,0.0671140939597315,0.09189189189189197",0.0,"-0.0993150684931507,-0.08376963350785348,-0.07614213197969538"
sz000938,-0.001758669127250085,"0.08121410992616901,0.09496124031007756,0.1082644628099174",-0.0019743336623889015,"-0.09212121212121209,-0.08555657773689067,-0.07741935483870956"
sz000078,-0.001796148427223942,"0.057736720554272515,0.06214689265536728,0.06879606879606885",0.0,"-0.08426966292134838,-0.07816091954022986,-0.07692307692307682"
sz000037,-0.0018669777529554653,"0.08054522924411404,0.08563134978229316,0.08728179551122187",-0.0011411939219425607,"-0.11075612353567615,-0.07936507936507935,-0.07868852459016386"
sz000708,-0.0019079936769190195,"0.08590308370044046,0.09610983981693362,0.10043668122270741",0.0,"-0.10943396226415096,-0.08868501529051989,-0.08786610878661086"
sz000525,-0.0019100464396274188,"0.052631578947368474,0.053608247422680375,0.07600950118764842",0.0,"-0.11006289308176088,-0.0728643216080401,-0.06832298136645955"
sz000682,-0.0019157761788920434,"0.06666666666666674,0.07488986784140966,0.09090909090909088",0.0,"-0.10714285714285712,-0.08178438661710044,-0.07260726072607268"
sz000727,-0.0019371277115090792,"0.054662379421221846,0.0685840707964601,0.09364548494983285",0.0,"-0.11583011583011577,-0.08540925266903907,-0.08022922636103158"
sz000537,-0.0019749493884352338,"0.05930470347648263,0.06545454545454552,0.08399999999999999",0.0,"-0.11073825503355707,-0.10931174089068826,-0.10895883777239714"
sz000723,-0.0019838342973787777,"0.07226562500000001,0.07356948228882834,0.09619686800894858",0.0024182242990654244,"-0.10994764397905757,-0.09385113268608415,-0.09210526315789481"
sz000890,-0.001991576488409,"0.060702875399361006,0.06606606606606599,0.09246575342465754",0.0,"-0.10955056179775284,-0.07098765432098765,-0.06545454545454552"
sz000968,-0.0020613207673633688,"0.0627240143369175,0.08390410958904114,0.08976660682226212",0.0012379145206470378,"-0.10339256865912756,-0.10287081339712913,-0.10216110019646375"
sz000899,-0.0020716791462587173,"0.049999999999999954,0.05882352941176469,0.0646153846153846",0.0,"-0.08178438661710027,-0.06303724928366768,-0.05614035087719303"
sz000050,-0.002210638001514588,"0.0856741573033707,0.08910891089108912,0.0902777777777778",0.0,"-0.09852941176470588,-0.077634011090573,-0.07049180327868848"
sz000636,-0.002217199151534818,"0.06553398058252417,0.09478672985782,0.10459183673469391",0.0017152658662092258,"-0.13832853025936598,-0.10649350649350642,-0.09913793103448276"
sz000420,-0.0022450697401092236,"0.05703422053231936,0.06216216216216215,0.0899653979238755",0.0,"-0.111111111111111,-0.07936507936507943,-0.0733944954128441"
sz000607,-0.002279074097003843,"0.06020066889632112,0.061643835616438464,0.08262108262108264",0.0024271844660193657,"-0.11021505376344078,-0.09467455621301771,-0.09057971014492755"
sz000975,-0.002319803239729621,"0.05263157894736847,0.05497382198952879,0.06818181818181816",0.0,"-0.1092436974789917,-0.0656716417910447,-0.060317460317460304"
sz000608,-0.0023663116872967237,"0.051428571428571344,0.07645875251509053,0.09146341463414638",0.0,"-0.07692307692307686,-0.06916996047430841,-0.06185567010309275"
sz000428,-0.0024132558476328146,"0.06097560975609757,0.0645879732739421,0.09051724137931033",0.002364066193853377,"-0.09774436090225555,-0.0790960451977401,-0.0776119402985074"
sz000068,-0.002564039817096055,"0.05191873589164796,0.08236994219653171,0.08666666666666671",-0.0006934812760055947,"-0.1119221411192214,-0.0866666666666666,-0.08192090395480227"
sz000016,-0.0027728301726841517,"0.058947368421052686,0.06443914081145584,0.06590909090909092",0.0,"-0.0790190735694823,-0.06787330316742098,-0.06582278481012653"
sz000686,-0.0034936986731736847,"0.08616187989556137,0.08903020667726544,0.09111617312072892",0.0,"-0.12280701754385952,-0.10240000000000009,-0.09870129870129866"
