代码,名称,最新价,涨跌额,涨跌幅,昨收,今开,最高,最低,成交量,成交额
sh000001,上证指数,3250.6007,-2.026,-0.062,3252.6264,3256.6136,3274.3924,3250.6007,387467642,450231535760
sh000002,Ａ股指数,3406.9776,-2.03,-0.06,3409.0079,3413.2984,3431.9837,3406.9776,387167031,449499858241
sh000003,Ｂ股指数,264.9297,-0.548,-0.207,265.478,265.6363,266.4734,264.354,170970,77109764
sh000004,工业指数,2794.7643,-15.649,-0.557,2810.4132,2811.284,2823.6397,2794.7643,226453969,325952560187
sh000005,商业指数,2535.2498,-8.601,-0.338,2543.8511,2548.3492,2563.1985,2535.2498,33313661,29523288203
sh000006,地产指数,4583.9209,5.86,0.128,4578.0607,4591.3495,4643.6639,4579.5457,5840300,3256260205
sh000007,公用指数,4503.8869,35.511,0.795,4468.3757,4476.513,4525.8183,4476.513,35849309,19491032826
sh000008,综合指数,3143.4212,24.7,0.792,3118.7211,3127.3235,3160.8011,3127.3235,86010404,72008394339
sh000009,上证380,5334.8935,-29.329,-0.547,5364.2222,5368.068,5391.7836,5334.8935,55240107,87572812475
sh000010,上证180,8357.4316,-7.98,-0.095,8365.4121,8379.4472,8416.6495,8357.4316,97090508,153007146434
sh000011,基金指数,6680.0666,-38.012,-0.566,6718.0784,6730.9087,6742.8008,6679.7031,847710556,156552360719
sh000012,国债指数,223.7181,0.296,0.133,223.422,223.4688,223.9814,223.4688,2344051,2560486826
sh000015,红利指数,3090.1869,39.126,1.282,3051.0608,3052.4702,3101.0589,3052.4702,31608820,24114324737
sh000016,上证50,2583.6516,4.556,0.177,2579.096,2582.8389,2597.351,2582.0869,39196764,74483969420
sh000017,新综指,2746.79,-1.699,-0.062,2748.4893,2751.8669,2766.9097,2746.79,381544884,442626509839
sh000018,180金融,5304.6331,12.922,0.244,5291.7115,5308.5472,5350.5224,5304.3261,34509682,34041445151
sh000019,治理指数,1089.4872,5.689,0.525,1083.7986,1086.0692,1094.3746,1086.0692,76723148,95024664983
sh000020,中型综指,1179.4735,-21.566,-1.796,1201.0398,1200.1124,1203.1206,1179.4735,60667307,109117303174
sh000021,180治理,961.9227,5.792,0.606,956.1305,958.137,965.9631,958.137,54850980,70315983756
sh000022,沪公司债,247.327,0.063,0.026,247.2636,247.3238,247.3271,247.3236,70100,67460457
sh000025,180基建,1818.6037,24.287,1.354,1794.3162,1797.6621,1824.0273,1797.6621,17553245,14634687209
sh000026,180资源,3638.0299,24.737,0.685,3613.293,3613.1383,3648.112,3611.6464,10115806,13212848193
sh000027,180运输,784.7632,3.808,0.488,780.9555,780.9071,788.2271,780.9071,5869341,4781777698
sh000028,180成长,3124.6303,-13.885,-0.442,3138.5151,3142.9842,3156.7689,3124.6303,17627832,50196053734
sh000029,180价值,4080.0086,36.21,0.895,4043.7983,4055.968,4094.6749,4055.968,50931171,46262520476
sh000030,180R成长,2030.7288,-10.504,-0.515,2041.2329,2043.3286,2050.8079,2030.7288,51230437,111262060048
sh000031,180R价值,2946.3972,13.584,0.463,2932.8136,2940.222,2960.934,2940.222,84533777,107328526790
sh000032,上证能源,1916.0759,20.854,1.1,1895.2219,1897.1857,1920.5074,1895.8364,15535977,9214984049
sh000033,上证材料,2272.4981,13.44,0.595,2259.0578,2260.6476,2286.5734,2260.6476,20930829,20108390560
sh000034,上证工业,2044.7613,-6.258,-0.305,2051.0193,2053.6883,2065.617,2044.7613,23655093,21894821220
sh000035,上证可选,2804.7465,-3.105,-0.111,2807.8516,2811.5562,2832.2879,2803.9733,15050726,22423412346
sh000036,上证消费,10982.5588,-10.176,-0.093,10992.7344,10998.5963,11082.6241,10979.6433,2629625,11159198506
sh000037,上证医药,5489.4833,7.819,0.143,5481.6648,5490.5478,5547.7764,5489.4833,3594541,9779929298
sh000038,上证金融,5282.074,20.476,0.389,5261.5976,5278.3171,5323.2817,5278.3171,30438550,30015176567
sh000039,上证信息,3717.5703,-92.104,-2.418,3809.6746,3810.3188,3810.3188,3717.3483,15905819,61271307696
sh000040,上证电信,3459.7674,6.691,0.194,3453.0767,3469.564,3479.5559,3451.1289,9229749,15272086935
sh000041,上证公用,2453.4374,39.681,1.644,2413.7568,2418.1211,2463.792,2418.1211,12766102,10166210930
sh000042,上证央企,1701.9024,9.14,0.54,1692.7624,1696.8261,1710.7445,1696.8261,47355355,48073507019
sh000043,超大盘,2058.2237,9.894,0.483,2048.3292,2049.6471,2066.0862,2049.6074,19755453,38604504685
sh000044,上证中盘,3877.6574,-7.03,-0.181,3884.6879,3894.025,3912.511,3877.6574,57893744,78523177014
sh000045,上证小盘,4522.3133,-46.178,-1.011,4568.4915,4570.9692,4584.547,4522.3133,87219892,95868489480
sh000046,上证中小,4199.6056,-23.319,-0.552,4222.9243,4229.5583,4246.1413,4199.6056,145113636,174391666494
sh000047,上证全指,3286.2474,-7.412,-0.225,3293.6596,3298.6569,3312.2813,3286.2474,184310400,248875635914
sh000048,责任指数,1369.8521,5.298,0.388,1364.5544,1368.315,1377.9805,1368.315,26235382,44203572775
sh000049,上证民企,1552.5228,-15.855,-1.011,1568.3782,1567.7465,1575.6601,1552.5228,19793723,50061476349
sh000050,50等权,2023.0359,1.173,0.058,2021.8633,2024.1116,2034.9594,2022.8897,39196764,74483969420
sh000051,180等权,7914.8619,-8.548,-0.108,7923.4102,7937.6902,7977.8157,7914.8619,97090508,153007146434
sh000052,50基本,2708.8073,17.835,0.663,2690.9722,2697.7109,2720.0523,2697.7109,39196764,74483969420
sh000053,180基本,11283.9597,69.625,0.621,11214.3351,11241.0266,11330.5187,11241.0266,97081806,152839871102
sh000054,上证海外,1342.1926,2.235,0.167,1339.9573,1342.6007,1350.6271,1341.421,45717015,53397702333
sh000055,上证地企,1333.1859,-1.843,-0.138,1335.0287,1337.1911,1342.4508,1333.1859,25958587,36975080181
sh000056,上证国企,1092.2315,7.684,0.708,1084.548,1086.1661,1095.9571,1086.1661,49446531,60622698417
sh000057,全指成长,3177.8064,-3.079,-0.097,3180.8851,3182.5232,3199.2504,3176.9049,31203154,64822339562
sh000058,全指价值,4260.2517,33.478,0.792,4226.7734,4237.7054,4276.4946,4237.7054,87182766,69034832105
sh000059,全R成长,2642.5083,-19.694,-0.74,2662.2021,2663.9962,2672.7657,2642.5083,108819661,189663458901
sh000060,全R价值,3899.9802,7.547,0.194,3892.4333,3901.0107,3924.4095,3899.9802,164799273,193875951444
sh000061,沪企债30,176.9455,0.034,0.019,176.9117,176.9455,176.9455,176.9455,0,0
sh000062,上证沪企,1822.9066,-11.729,-0.639,1834.6352,1837.5535,1845.6715,1822.9066,18703965,25156961639
sh000063,上证周期,3373.5871,13.776,0.41,3359.8108,3367.4314,3393.8155,3367.4314,43892619,47027067208
sh000064,非周期,3048.0558,-11.068,-0.362,3059.1243,3063.4686,3075.1074,3048.0558,40269311,98266219259
sh000065,上证龙头,3149.8385,-12.111,-0.383,3161.9495,3165.6268,3179.069,3149.8385,63687197,89850188864
sh000066,上证商品,2528.1906,13.863,0.551,2514.3272,2516.9456,2544.0433,2516.932,29571121,23210838257
sh000067,上证新兴,6718.8752,-59.53,-0.878,6778.4048,6785.5819,6813.0478,6718.7381,18652425,58450531796
sh000068,上证资源,2726.6361,5.201,0.191,2721.4347,2721.9132,2742.9951,2720.6228,23383784,20220078731
sh000069,消费80,4583.4303,1.525,0.033,4581.9056,4589.3833,4621.0757,4583.0622,13708837,34989894869
sh000070,能源等权,2691.0648,25.031,0.939,2666.0335,2669.9511,2705.6312,2669.1896,15535977,9214984049
sh000071,材料等权,3045.1785,2.675,0.088,3042.5034,3044.6921,3073.1262,3039.4183,20930829,20108390560
sh000072,工业等权,2701.4371,-7.767,-0.287,2709.2037,2711.4587,2725.1459,2701.4371,23655093,21894821220
sh000073,可选等权,3141.3287,-7.639,-0.243,3148.9673,3151.0763,3167.6845,3138.7911,15050726,22423412346
sh000074,消费等权,6990.4912,-10.425,-0.149,7000.9162,7007.8121,7066.9709,6987.7693,2629625,11159198506
sh000075,医药等权,6300.6617,9.948,0.158,6290.7136,6308.3559,6372.0142,6294.5355,3594541,9779929298
sh000076,金融等权,5143.6053,22.983,0.449,5120.6225,5133.1891,5178.0669,5133.1891,30224863,29843237256
sh000077,信息等权,4279.7252,-78.848,-1.809,4358.5733,4364.9803,4371.8804,4279.7252,15905819,61271307696
sh000078,电信等权,2947.1949,11.536,0.393,2935.6594,2959.29,2968.816,2944.1229,9229749,15272086935
sh000079,公用等权,2312.8518,32.567,1.428,2280.285,2284.4984,2322.4648,2284.4984,12766102,10166210930
sh000090,上证流通,1169.6352,-4.584,-0.39,1174.2188,1176.0355,1181.3259,1169.6352,381544884,442626509839
sh000091,沪财中小,10856.8784,-65.254,-0.597,10922.132,10943.1368,11009.1229,10853.4989,20918174,25386816708
sh000092,资源50,3377.0551,21.7,0.647,3355.3553,3358.4982,3392.4723,3357.9284,24191443,23338390165
sh000093,180分层,10808.8793,-4.12,-0.038,10812.999,10833.4053,10889.1426,10808.8793,97090508,153007146434
sh000094,上证上游,2977.8437,14.323,0.483,2963.5203,2963.86,2989.636,2962.7568,23217909,19984249603
sh000095,上证中游,2884.1553,-38.32,-1.311,2922.475,2919.5185,2928.6161,2884.1553,51386356,106744956388
sh000096,上证下游,4054.8666,3.844,0.095,4051.0228,4063.8544,4080.7144,4054.8666,38789934,61933962614
sh000097,高端装备,8436.9222,-157.013,-1.827,8593.9357,8586.5365,8617.157,8436.9222,17588243,64589361584
sh000098,上证F200,4935.9379,25.239,0.514,4910.6991,4921.3127,4962.3597,4921.3127,118317984,116382106176
sh000099,上证F300,7592.7968,-28.664,-0.376,7621.461,7634.889,7680.7164,7592.7968,73663151,84218880629
sh000100,上证F500,5506.4881,20.173,0.368,5486.3148,5497.8169,5539.5223,5497.8169,191981135,200600986805
sh000101,5年信用,245.2934,0.056,0.023,245.2373,245.2898,245.2934,245.2895,149200,149102922
sh000102,沪投资品,5504.0757,-19.251,-0.349,5523.3272,5527.8315,5555.504,5504.0757,22992960,27103675800
sh000103,沪消费品,7484.064,1.055,0.014,7483.0086,7492.1691,7559.5102,7484.064,3784975,15516913627
sh000104,380能源,1371.7902,10.655,0.783,1361.1348,1361.4911,1381.1185,1361.2685,2695940,2138879463
sh000105,380材料,3752.7096,-9.785,-0.26,3762.4944,3765.9619,3792.9216,3745.2089,8161002,8144159157
sh000106,380工业,4567.3062,-53.566,-1.159,4620.8722,4615.7097,4628.801,4564.4632,16671218,25069767674
sh000107,380可选,5382.9762,3.298,0.061,5379.6779,5373.6625,5413.6936,5358.8616,3176450,6327621471
sh000108,380消费,11899.8266,44.806,0.378,11855.0207,11878.2707,11991.6052,11869.0076,1520801,1953137685
sh000109,380医药,9533.2062,31.323,0.33,9501.8833,9524.0864,9651.3583,9523.264,2909693,6114342479
sh000110,380金融,3618.3997,12.376,0.343,3606.0241,3622.5881,3654.7638,3618.3997,6075618,4678070959
sh000111,380信息,7656.1841,-163.8,-2.095,7819.9838,7805.4002,7814.9381,7656.1841,5227754,20380207565
sh000112,380电信,4396.4682,-46.688,-1.051,4443.156,4477.7678,4480.0636,4396.4682,3701440,9863419117
sh000113,380公用,2595.3609,28.514,1.111,2566.8472,2573.2082,2607.2041,2573.2082,3570635,1958468540
sh000114,持续产业,1148.193,7.559,0.663,1140.6338,1140.861,1155.7936,1140.861,10293240,13573140198
sh000115,380等权,7026.8912,-41.554,-0.588,7068.4456,7076.2032,7107.7574,7026.8912,55240107,87572812475
sh000116,信用100,195.3549,0.055,0.028,195.2999,195.3352,195.3561,195.3352,18600,18085694
sh000117,380成长,3492.4746,-35.72,-1.012,3528.1944,3521.8629,3538.7463,3492.4746,9764988,26284472352
sh000118,380价值,8766.9134,61.397,0.705,8705.5164,8712.6559,8810.2644,8712.6559,23479807,18577138262
sh000119,380R成长,3470.8292,-40.818,-1.162,3511.6468,3512.6661,3521.9738,3470.8292,34222580,72276389919
sh000120,380R价值,8029.8051,1.817,0.023,8027.9878,8036.9117,8089.8696,8020.8513,47937399,64569055829
sh000121,医药主题,7488.8328,32.182,0.432,7456.651,7479.4383,7574.4418,7479.4383,4304826,10896668183
sh000122,农业主题,1422.9085,13.865,0.984,1409.0434,1411.3144,1434.7882,1411.3144,3873998,2902195713
sh000123,180动态,5493.4729,-69.914,-1.257,5563.3871,5571.2121,5590.2535,5493.4195,37072151,86605415247
sh000125,180稳定,10913.4384,94.505,0.874,10818.9329,10840.6954,10952.4586,10840.6954,59597476,65395808700
sh000126,消费50,8097.2331,-5.094,-0.063,8102.3271,8117.9777,8165.8092,8094.7827,11197696,27429373234
sh000128,380基本,7685.0472,15.198,0.198,7669.8496,7677.2543,7739.1578,7672.8792,55240107,87572812475
sh000129,180波动,14259.2908,111.769,0.79,14147.5223,14172.8601,14315.6892,14172.8601,69945697,73338128923
sh000130,380波动,11997.17,100.307,0.843,11896.8631,11918.5395,12056.8969,11918.5395,22211308,15509483546
sh000131,上证高新,2353.932,-72.32,-2.981,2426.2523,2421.0182,2421.386,2353.932,5439104,25141446380
sh000132,上证100,5100.1078,-26.677,-0.52,5126.7849,5129.9885,5161.9381,5100.1078,7359767,19266196341
sh000133,上证150,4454.2791,-76.836,-1.696,4531.1147,4535.5513,4546.1963,4453.3752,12982996,19836924867
sh000134,上证银行,973.389,13.607,1.418,959.7817,962.6986,977.0773,962.6986,29203796,21161680164
sh000135,180高贝,5034.2396,-89.365,-1.744,5123.6047,5125.2163,5125.2163,5034.2396,18336920,49273510500
sh000136,180低贝,11500.6726,152.624,1.345,11348.0483,11362.4764,11536.6425,11362.4764,41173920,44511204128
sh000137,380高贝,4266.5656,-119.636,-2.728,4386.202,4367.9382,4379.9016,4266.5656,13006660,35678823575
sh000138,380低贝,7242.7355,76.814,1.072,7165.9215,7186.3511,7276.0319,7186.3511,17024805,15462298007
sh000139,上证转债,372.5412,-1.094,-0.293,373.6356,373.8341,374.7789,372.4001,13300944,20164305278
sh000141,380动态,3041.3773,-44.643,-1.447,3086.02,3084.4263,3093.0362,3041.3773,26957735,55184357238
sh000142,380稳定,8399.6885,27.174,0.325,8372.515,8386.5663,8460.597,8386.5663,28241512,31538507255
sh000145,优势资源,5184.9097,3.189,0.062,5181.7211,5184.3107,5223.0996,5174.9539,20292062,17524141688
sh000146,优势制造,6292.7691,-79.488,-1.247,6372.2571,6373.526,6398.7364,6292.7691,14568123,26280594712
sh000147,优势消费,6528.8274,10.173,0.156,6518.6542,6526.5174,6582.5017,6524.1983,4598440,15536564550
sh000148,消费领先,8154.5309,-17.626,-0.216,8172.1573,8186.5941,8218.3624,8154.5309,44960114,72211034767
sh000149,180红利,3832.9719,48.236,1.274,3784.736,3790.7042,3844.1225,3790.7042,34783660,29831175837
sh000150,380红利,11796.3886,137.173,1.177,11659.2159,11669.3579,11851.1928,11669.3579,7009515,5100966312
sh000151,上国红利,1547.3272,23.765,1.56,1523.5627,1525.205,1551.9075,1525.205,25130140,18343306819
sh000152,上央红利,2676.895,34.636,1.311,2642.259,2644.5263,2686.3868,2644.5263,33522559,25258390922
sh000153,上民红利,2972.1564,19.403,0.657,2952.7532,2952.5287,2990.7415,2952.5287,4148059,3213590782
sh000155,市值百强,2781.1568,-0.853,-0.031,2782.0101,2786.4119,2797.8265,2781.0899,69492086,123791996015
sh000158,上证环保,1092.3133,-8.746,-0.794,1101.0591,1099.5103,1112.145,1092.3133,11016741,14259850869
sh000159,沪股通,3000.9441,-9.92,-0.329,3010.8637,3015.597,3028.8363,3000.9441,304669968,370639238734
sh000160,沪新丝路,1776.1914,1.35,0.076,1774.8411,1777.0894,1788.6235,1775.422,36260773,29285146666
sh000161,沪中国造,1421.6355,-7.881,-0.551,1429.5168,1435.2464,1441.9059,1421.6355,28117819,49485489954
sh000162,沪互联+,2932.182,-36.771,-1.239,2968.9531,2987.0679,2995.01,2932.182,19337029,35030540549
sh000170,50AH优选,4972.0444,8.644,0.174,4963.4008,4963.6051,5000.2807,4963.3614,28652935,57978790466
sh000300,沪深300,3817.0802,-15.784,-0.412,3832.8637,3836.9578,3851.9969,3817.0802,146670772,282940127541
sh000510,中证A500,4478.6606,-25.349,-0.563,4504.0095,4509.7196,4527.0514,4478.6606,213483440,364457964185
sh000680,科创综指,1101.803,-23.148,-2.058,1124.9508,1124.1783,1125.5762,1101.803,24754873,94211964048
sh000681,科创价格,1069.1051,-22.461,-2.058,1091.566,1090.8165,1092.1728,1069.1051,24754873,94211964048
sh000682,科创信息,1309.6555,-31.601,-2.356,1341.2564,1338.3597,1341.4292,1309.604,4864110,34901798371
sh000683,科创生物,852.1647,0.422,0.05,851.7427,854.0597,862.8303,851.4451,1023691,4106656432
sh000687,科创高装,968.1373,-25.888,-2.604,994.0249,988.6296,989.3044,967.412,3203696,10964651600
sh000688,科创50,955.09,-19.744,-2.025,974.8342,972.1886,975.9613,954.9047,24754873,94211964048
sh000689,科创材料,774.4721,-10.73,-1.367,785.202,785.8564,789.253,774.4721,1558847,4165135312
sh000690,科创成长,1042.5775,-20.442,-1.923,1063.0198,1063.5675,1066.899,1042.5775,2689247,14764688892
sh000691,科创ESG,1090.7584,-12.828,-1.162,1103.5864,1110.3848,1113.8068,1090.3511,3015988,21592231786
sh000692,科创新能,839.7301,-17.156,-2.002,856.8858,855.4799,864.2802,839.7301,2840582,4815353812
sh000693,科创机械,1035.1616,-27.798,-2.615,1062.9598,1064.0985,1064.3218,1035.1179,2729609,8874353970
sh000695,科长三角,730.2814,-11.845,-1.596,742.1262,743.9137,746.842,730.2814,3811810,16412937108
sh000697,科大湾区,982.901,-24.067,-2.39,1006.9675,1007.7833,1007.9976,982.901,3247944,10899212014
sh000698,科创100,951.7253,-20.98,-2.157,972.7052,975.1176,976.0414,951.7253,5670715,21488552964
sh000699,科创200,844.8398,-24.474,-2.815,869.3141,868.0756,869.1105,844.8398,8635154,26391073292
sh000802,500沪市,5996.6736,-53.412,-0.883,6050.0852,6054.8394,6074.6611,5996.6736,73879395,76641160230
sh000819,有色金属,4966.3436,-18.712,-0.375,4985.0554,4978.9846,5023.6509,4961.4296,15687467,19625118425
sh000823,800有色,5732.0843,-17.461,-0.304,5749.5455,5741.4886,5793.829,5725.2409,14709925,17517013610
sh000827,中证环保,1386.7054,-7.983,-0.572,1394.6883,1395.0369,1406.8303,1386.6475,22290509,35311725948
sh000847,腾讯济安,2820.8995,-6.026,-0.213,2826.9259,2832.0229,2846.697,2820.8995,25719317,46973770883
sh000849,300非银,9424.989,-172.43,-1.797,9597.4194,9621.1297,9642.8719,9424.989,14300107,27018549364
sh000851,百发100,14868.4908,-44.809,-0.3,14913.2996,14928.8021,15020.315,14868.4908,29079630,45009641349
sh000852,中证1000,5846.0686,-92.062,-1.55,5938.1301,5946.7291,5964.1497,5846.0686,188646200,253588513601
sh000853,CSSW丝路,1324.9433,-3.533,-0.266,1328.4763,1325.7231,1332.9251,1324.4867,19321119,60594101951
sh000854,500原料,3836.4844,9.491,0.248,3826.9938,3837.6965,3878.0653,3834.9121,22198952,18494879969
sh000855,央视500,1344.3345,-3.367,-0.25,1347.7013,1349.1382,1354.9155,1344.3345,199540793,357979176946
sh000856,500工业,5453.2298,-68.083,-1.233,5521.3129,5527.332,5545.8438,5453.2298,22376882,33214499198
sh000857,500医药,9300.4324,13.402,0.144,9287.0301,9297.7755,9407.1331,9287.7302,4638229,8967093750
sh000858,500信息,6882.9147,-190.485,-2.693,7073.3998,7090.1102,7092.484,6882.9147,15602337,44936701133
sh000860,结构调整,1127.2689,0.755,0.067,1126.5141,1128.1852,1134.7879,1127.2689,41008221,50397095500
sh000865,上海国企,1338.7778,0.804,0.06,1337.9733,1343.3116,1351.9189,1338.7778,20113607,18433383489
sh000867,港中小企,2003.4697,9.758,0.489,1993.712,1997.7626,2018.6216,1995.7009,18929670,13270902729
sh000869,HK银行,3330.9975,37.07,1.125,3293.9277,3289.2969,3341.1597,3289.2969,13090989,8934410017
sh000888,上证收益,3633.5946,-2.264,-0.062,3635.859,3640.316,3660.1895,3633.5946,387467642,450231535760
sh000891,新兴综指,1348.4878,-24.038,-1.751,1372.5261,1374.4506,1376.6785,1348.4878,331841222,591126481333
sh000901,小康指数,5743.1883,41.342,0.725,5701.8461,5715.2481,5767.6942,5715.2481,56411414,58175293601
sh000903,中证A100,3615.2384,-13.257,-0.365,3628.4949,3631.5459,3646.6285,3615.1165,61987398,141144081833
sh000905,中证500,5589.3432,-60.607,-1.073,5649.9504,5660.4848,5676.0261,5589.3432,136546056,163085841548
sh000906,中证800,4106.4027,-24.019,-0.582,4130.422,4135.6787,4150.4093,4106.4027,283216828,446025969088
sh000913,300医药,7558.2025,-2.009,-0.027,7560.2116,7573.8839,7643.3186,7558.2025,2732448,9387353615
sh000914,300金融,6082.9853,-6.063,-0.1,6089.0478,6106.9695,6151.818,6082.8366,46712402,51857684617
sh000928,中证能源,2782.424,30.339,1.102,2752.0853,2755.3816,2789.8941,2753.534,15174872,9182783378
sh000932,中证消费,15313.1614,11.054,0.072,15302.1071,15306.0024,15435.4428,15302.7054,4695617,17275041085
sh000933,中证医药,7423.4153,2.654,0.036,7420.7617,7432.3226,7507.8066,7423.4153,7370677,18354447374
sh000934,中证金融,5678.9559,-18.042,-0.317,5696.9982,5713.29,5751.6527,5678.9559,71015156,67458546551
sh000935,中证信息,4545.766,-111.042,-2.385,4656.8078,4663.8541,4664.3558,4545.766,38935766,128098145759
sh000974,800金融,6339.3507,-17.223,-0.271,6356.574,6375.2167,6417.2286,6339.3507,64371503,62965155363
sh000982,500等权,6919.8247,-52.232,-0.749,6972.0565,6985.8137,7014.1839,6919.8247,136546056,163085841548
sh000986,全指能源,2241.0696,23.649,1.066,2217.421,2219.9075,2246.6436,2218.6751,20123831,11813052446
sh000987,全指材料,3159.3197,16.252,0.517,3143.0678,3146.1286,3185.3991,3146.1286,48206340,45223849276
sh000989,全指可选,5143.844,-17.09,-0.331,5160.934,5162.735,5188.8632,5143.844,29331929,49809578872
sh000991,全指医药,7959.4045,2.229,0.028,7957.1756,7970.5396,8050.0295,7959.4045,8594733,21095825525
sh000992,全指金融,5416.9928,-18.445,-0.339,5435.4374,5449.4588,5486.8791,5416.9928,91301977,76510596814
sh000993,全指信息,5982.1137,-149.119,-2.432,6131.2322,6142.3979,6142.7683,5982.1137,53122764,159978208984
sz399001,深证成指,10156.066,-136.663,-1.328,10292.729,10299.971,10329.607,10156.066,53284741781,667641130329
sz399002,深成指R,13395.297,-178.577,-1.316,13573.874,13585.099,13624.188,13395.297,16080694207,282138212859
sz399003,成份Ｂ指,7924.6,38.499,0.488,7886.101,7897.115,7924.6,7875.667,6154040,33400860
sz399004,深证100R,6319.705,-79.858,-1.248,6399.563,6396.948,6417.564,6319.675,4374352926,123026016186
sz399005,中小100,6292.675,-43.258,-0.683,6335.933,6339.526,6364.464,6292.675,3046693727,58720815651
sz399006,创业板指,2063.82,-58.019,-2.734,2121.839,2119.169,2123.148,2063.82,17752012165,324013509608
sz399007,深证300,4277.633,-52.314,-1.208,4329.947,4332.341,4345.785,4277.633,9615567138,204488675935
sz399008,中小300,1262.378,-14.165,-1.11,1276.543,1276.184,1280.849,1262.378,8884393602,122213146818
sz399009,深证200,3690.947,-40.252,-1.079,3731.199,3742.585,3753.253,3690.947,5241214212,81462659749
sz399010,深证700,6744.429,-136.08,-1.978,6880.509,6897.778,6920.044,6744.429,16799813789,216275380420
sz399011,深证1000,4945.409,-72.658,-1.448,5018.067,5023.9,5037.422,4945.409,26415380927,420764056356
sz399012,创业300,3041.789,-83.783,-2.681,3125.572,3128.729,3131.977,3041.789,7246712372,173164535722
sz399013,深市精选,4464.265,-34.872,-0.775,4499.137,4503.605,4520.594,4464.265,11787808143,199457053667
sz399015,中小创新,2284.285,-46.209,-1.983,2330.494,2337.965,2346.508,2284.285,10334686720,138625843496
sz399016,深证创新,4077.687,-81.601,-1.962,4159.288,4159.625,4163.518,4077.621,2268634314,87907282197
sz399017,SME创新,3545.22,-62.051,-1.72,3607.271,3593.035,3605.49,3545.22,2477170836,61548628486
sz399018,创业创新,4087.071,-77.762,-1.867,4164.833,4179.548,4189.182,4087.071,1405986492,59406561711
sz399019,创业200,3439.588,-89.342,-2.532,3528.93,3555.917,3564.032,3439.588,5081006629,86541704139
sz399020,创业小盘,1361.56,-33.422,-2.396,1394.982,1399.559,1403.779,1361.56,4027406935,66483861157
sz399030,碳科技30,2891.778,-78.635,-2.647,2970.413,2968.693,2978.848,2891.778,612884713,18618683083
sz399050,创新引擎,2460.317,-44.506,-1.777,2504.823,2506.858,2513.318,2460.317,1611528546,33943916282
sz399060,碳科技60,2545.816,-26.604,-1.034,2572.42,2573.991,2585.357,2545.816,1683886285,44882380004
sz399088,深创100,3556.053,-68.949,-1.902,3625.002,3625.426,3626.723,3556.053,2947257439,97120466698
sz399100,新指数,9002.583,-116.317,-1.276,9118.9,9133.341,9161.401,9002.583,51838585571,661056092399
sz399101,中小综指,10870.267,-110.052,-1.002,10980.319,10986.676,11033.032,10870.267,22445522119,225520309222
sz399102,创业板综,2720.514,-64.653,-2.321,2785.167,2790.649,2795.163,2720.514,17752012165,324013509608
sz399103,乐富指数,7093.784,-73.054,-1.019,7166.838,7173.353,7178.965,7093.784,50120502421,57723658089
sz399106,深证综指,1911.088,-25.257,-1.304,1936.345,1939.552,1945.474,1911.088,53284741781,667641130329
sz399107,深证Ａ指,1998.953,-26.467,-1.307,2025.42,2028.78,2034.984,1998.953,53264068626,667583980937
sz399108,深证Ｂ指,1201.35,2.759,0.23,1198.591,1198.658,1203.372,1197.539,20673155,57149393
sz399231,农林指数,1147.366,10.424,0.917,1136.942,1140.048,1160.938,1140.048,444141091,4347601967
sz399232,采矿指数,2482.406,-2.872,-0.116,2485.278,2483.986,2516.576,2482.406,447642925,4162025559
sz399233,制造指数,2469.895,-40.527,-1.614,2510.422,2508.852,2516.381,2469.895,29739119988,421552117639
sz399234,水电指数,810.476,7.089,0.882,803.387,805.737,816.432,805.737,946066048,5094104823
sz399235,建筑指数,897.367,-5.11,-0.566,902.477,905.946,916.787,897.36,572947238,3432636627
sz399236,批零指数,1243.425,-20.973,-1.659,1264.398,1268.483,1274.215,1243.425,2024997392,17886808615
sz399237,运输指数,1061.537,11.35,1.081,1050.187,1053.675,1071.109,1053.675,417124747,4282873475
sz399238,餐饮指数,1225.023,-25.326,-2.026,1250.349,1258.042,1269.871,1225.023,93032548,430201172
sz399239,IT指数,1710.542,-24.621,-1.419,1735.163,1766.129,1771.771,1709.917,7914423110,123942147408
sz399240,金融指数,1412.972,-35.487,-2.45,1448.459,1451.607,1456.661,1412.972,2247084825,30099503444
sz399241,地产指数,1180.71,-14.909,-1.247,1195.619,1192.669,1216.771,1180.71,1549769270,6653433526
sz399242,商务指数,1169.079,-13.688,-1.157,1182.767,1192.097,1196.415,1168.892,2880966465,18072119897
sz399243,科研指数,1216.79,-9.376,-0.765,1226.166,1229.758,1240.21,1216.79,324710611,5154076015
sz399244,公共指数,501.401,-1.017,-0.202,502.418,503.629,511.122,501.401,656438386,3499222097
sz399248,文化指数,808.206,-0.438,-0.054,808.644,822.605,825.422,807.096,1052264694,8834236023
sz399249,综企指数,2175.023,34.708,1.622,2140.315,2236.078,2266.606,2175.023,42307337,495578073
sz399258,绿色低碳,3165.149,-31.76,-0.993,3196.909,3194.067,3212.657,3165.149,1382726187,29444126085
sz399259,创业低碳,3222.271,-79.035,-2.394,3301.306,3301.071,3317.473,3222.271,1066174125,20095166195
sz399260,先进制造,2706.142,-42.43,-1.544,2748.572,2742.209,2748.103,2706.142,2242721163,66407272557
sz399261,创业制造,3296.161,-112.533,-3.301,3408.694,3385.982,3392.457,3296.161,742754485,41442027556
sz399262,数字经济,1833.963,-72.877,-3.822,1906.84,1903.493,1903.657,1833.935,2556558761,97407793880
sz399263,创业数字,1912.817,-91.455,-4.563,2004.272,1997.414,1998.026,1912.772,2693570702,77854923952
sz399264,创新技术,1337.108,-45.294,-3.276,1382.402,1395.197,1397.548,1337.108,2030304911,52419653256
sz399265,创新药械,892.841,-6.924,-0.77,899.765,901.883,909.585,892.841,323564578,6347997359
sz399266,创新能源,2249.399,-58.964,-2.554,2308.363,2309.609,2318.714,2249.399,663510321,22592565518
sz399269,创质量,4224.844,-159.942,-3.648,4384.786,4355.352,4356.94,4224.844,1285740394,62479671183
sz399274,深新基建,3825.968,-121.99,-3.09,3947.958,3940.755,3941.484,3825.968,2300901761,89602923089
sz399275,创医药,2368.546,-19.839,-0.831,2388.385,2393.61,2414.718,2368.546,428801502,8077293289
sz399276,创科技,4795.354,-127.171,-2.583,4922.525,4926.482,4928.66,4795.234,1138660957,51920141236
sz399277,公共健康,2297.995,-7.181,-0.312,2305.176,2319.94,2330.55,2297.995,793595376,11601645153
sz399278,长江100,1559.198,-21.882,-1.384,1581.08,1579.683,1585.158,1559.198,3173735308,74411256833
sz399279,云科技50,3060.555,-110.929,-3.498,3171.484,3174.249,3175.406,3060.555,2621107068,83475983448
sz399280,生物50,1892.496,-10.264,-0.539,1902.76,1907.286,1922.584,1892.496,384433223,6123293237
sz399281,电子50,3332.065,-82.649,-2.42,3414.714,3413.988,3413.988,3332.065,2052061580,38557506065
sz399282,大数据50,4497.967,-143.946,-3.101,4641.913,4715.886,4724.238,4497.967,3150783460,72982734280
sz399283,机器人50,3381.409,-86.589,-2.497,3467.998,3474.674,3477.078,3381.409,1666849415,39435959817
sz399284,AI 50,3299.692,-82.393,-2.436,3382.085,3417.769,3420.489,3299.692,2831456917,69293357789
sz399285,物联网50,3958.369,-127.7,-3.125,4086.069,4079.02,4080.844,3958.369,2415522219,76992348275
sz399286,区块链50,3483.917,-34.74,-0.987,3518.657,3557.689,3566.243,3483.917,3600694785,59264097787
sz399290,深转交债,162.208,-0.458,-0.282,162.666,162.676,163.135,162.089,21356653,2717547898
sz399291,创精选88,3418.309,-83.586,-2.387,3501.895,3526.13,3532.594,3418.309,2157575103,34873696607
sz399292,民企发展,1022.538,-18.012,-1.731,1040.55,1045.325,1047.645,1022.538,5549490380,59171188563
sz399293,创业大盘,3912.476,-128.765,-3.186,4041.241,4027.07,4033.792,3912.476,1367868269,64184492069
sz399294,中小创Q,2718.011,-22.822,-0.833,2740.833,2740.012,2749.504,2718.011,1239063467,32294567575
sz399295,创价值,4446.434,-95.696,-2.107,4542.13,4542.972,4545.157,4446.429,1430701780,40294116520
sz399296,创成长,4423.706,-160.903,-3.51,4584.609,4550.274,4550.274,4423.706,2030525793,70199135156
sz399297,新浪100,4719.856,-23.844,-0.503,4743.7,4758.042,4793.103,4719.856,1671250241,11574055714
sz399298,深信中高,208.649,0.217,0.104,208.432,208.492,208.665,208.492,7360170,657757782
sz399299,深信中低,240.318,0.042,0.017,240.276,240.346,240.346,240.318,100000,10716970
sz399300,沪深300,3817.08,-15.784,-0.412,3832.864,3836.958,3851.997,3817.08,14667077200,282940127541
sz399301,深信用债,212.413,0.22,0.104,212.193,212.253,212.43,212.253,7360170,657757782
sz399302,深公司债,216.611,0.366,0.169,216.245,216.307,216.642,216.307,7360170,657757782
sz399303,国证2000,7434.541,-123.408,-1.633,7557.949,7575.882,7597.866,7434.541,30887420338,391846102558
sz399306,深证ETF,1416.548,-15.682,-1.095,1432.23,1433.617,1434.802,1416.548,49561962921,56682424440
sz399307,深证转债,298.439,-1.813,-0.604,300.252,300.261,300.957,298.135,150299497,21635903438
sz399310,国证A50,6219.751,-36.264,-0.58,6256.015,6261.443,6286.12,6219.751,3653362645,96137829129
sz399311,国证1000,3973.05,-24.985,-0.625,3998.035,4002.904,4017.112,3973.05,34117169201,509354981102
sz399312,国证300,4340.562,-25.722,-0.589,4366.284,4369.116,4385.377,4340.562,13164282575,279539290520
sz399313,巨潮100,4568.576,-6.185,-0.135,4574.761,4581.395,4603.493,4568.576,7523448641,140557634768
sz399314,巨潮大盘,4229.263,-14.8,-0.349,4244.063,4246.228,4263.756,4229.263,12598106538,226689097239
sz399315,巨潮中盘,3683.356,-35.199,-0.947,3718.555,3725.753,3734.819,3683.356,8454458124,136278036302
sz399316,巨潮小盘,4557.901,-53.094,-1.151,4610.995,4623.42,4638.531,4557.901,13064604539,146387847561
sz399317,国证Ａ指,5250.116,-47.18,-0.891,5297.296,5306.252,5324.133,5250.116,90528490239,1114037180859
sz399318,国证Ｂ指,5018.525,-1.747,-0.035,5020.272,5022.695,5036.733,5006.625,37418717,134002145
sz399319,资源优势,2288.579,9.539,0.419,2279.04,2279.521,2299.087,2279.521,3773246889,30348357606
sz399320,国证服务,2122.696,22.595,1.076,2100.101,2104.182,2131.734,2104.182,3906460334,29032794456
sz399321,国证红利,7198.576,52.356,0.733,7146.22,7161.239,7227.122,7161.239,4667377924,55670631258
sz399322,国证治理,8644.959,18.681,0.217,8626.278,8628.303,8690.731,8628.303,2997590117,61095081737
sz399324,深证红利,8447.098,28.924,0.344,8418.174,8428.731,8483.354,8422.314,1413177594,29671114740
sz399326,成长40,3928.337,-72.217,-1.805,4000.554,3990.034,4001.911,3928.337,1173686159,35669968462
sz399328,深证治理,9046.835,-49.817,-0.548,9096.652,9092.234,9126.233,9046.835,1491411809,36235655603
sz399330,深证100,4541.657,-58.379,-1.269,4600.036,4597.167,4611.983,4541.635,4374352926,123026016186
sz399333,中小100R,7550.894,-48.508,-0.638,7599.402,7607.113,7637.038,7550.894,3046693727,58720815651
sz399335,深证央企,3692.816,-16.773,-0.452,3709.589,3729.046,3742.598,3692.695,1518738803,23852305420
sz399337,深证民营,4496.022,-88.123,-1.922,4584.145,4573.264,4587.092,4496.022,3301250907,111737930706
sz399339,深证科技,6770.8,-147.972,-2.139,6918.772,6920.456,6930.169,6770.8,3753361179,115722019279
sz399341,深证责任,1454.649,-4.927,-0.338,1459.576,1460.863,1468.071,1454.649,2507215505,51642205815
sz399344,深证300R,5540.631,-66.939,-1.194,5607.57,5611.492,5628.905,5540.631,9615567138,204488675935
sz399346,深证成长,2960.718,-35.231,-1.176,2995.949,2996.023,3010.064,2960.711,2216369662,57601452002
sz399348,深证价值,5900.635,-0.471,-0.008,5901.106,5907.981,5943.083,5900.635,4307030174,51738258484
sz399350,皖江30,2117.144,-15.101,-0.708,2132.245,2146.108,2149.11,2117.144,1072781456,14383077397
sz399351,创新示范,8676.985,-151.889,-1.72,8828.874,8831.453,8854.466,8676.985,3778806446,76007977864
sz399352,深企综指,8639.188,-155.91,-1.773,8795.098,8801.245,8820.109,8639.188,7554934102,136472714127
sz399353,国证物流,2103.735,6.281,0.299,2097.454,2100.386,2116.749,2100.307,1733921447,12750653354
sz399354,分析师指数,7067.549,1.694,0.024,7065.855,7067.256,7109.095,7067.256,6049099282,124208993375
sz399355,长三角,3164.308,-26.291,-0.824,3190.599,3193.513,3205.665,3164.308,1989557360,43903302370
sz399356,珠三角,9117.425,-63.94,-0.696,9181.365,9190.543,9223.016,9117.425,2275753646,48465253399
sz399357,环渤海,2897.837,16.39,0.569,2881.447,2882.517,2912.455,2882.517,4012488312,45693947389
sz399358,国证环保,4249.508,-25.27,-0.591,4274.778,4276.618,4308.806,4249.508,1743196027,27488060219
sz399359,国证基建,2730.684,37.333,1.386,2693.351,2699.456,2740.06,2699.456,2741831258,20455350306
sz399360,新硬件,5778.224,-130.073,-2.202,5908.297,5946.493,5946.962,5778.224,4275527766,104903096477
sz399361,在线消费,3228.046,-22.688,-0.698,3250.734,3296.612,3302.916,3228.046,2789816039,35433918033
sz399362,民企100,6273.088,-103.858,-1.629,6376.946,6360.566,6382.953,6273.088,3625199571,130613326685
sz399363,国证算力,5042.597,-197.365,-3.767,5239.962,5216.618,5216.809,5041.576,2389024784,101050093025
sz399364,消费100,8180.256,-107.204,-1.294,8287.46,8283.27,8292.968,8180.256,4116317123,145061532870
sz399365,国证粮食,11351.953,80.748,0.716,11271.205,11300.204,11448.441,11300.204,751012110,8724499946
sz399366,能源金属,1447.512,-17.957,-1.225,1465.469,1466.558,1478.51,1447.512,1256130534,13696453978
sz399367,1000地产,2595.126,-35.991,-1.368,2631.117,2634.034,2664.787,2595.126,873811879,5685409060
sz399368,国证军工,6690.013,-77.115,-1.14,6767.128,6785.479,6817.732,6690.013,673363879,14623679971
sz399369,国证责任,1441.478,-0.639,-0.044,1442.117,1444.099,1451.91,1441.478,2412445960,49071813470
sz399370,国证成长,3790.357,-38.448,-1.004,3828.805,3828.893,3845.521,3790.357,8675074113,177874806693
sz399371,国证价值,6364.521,49.441,0.783,6315.08,6330.542,6391.44,6330.542,14111480210,117167760019
sz399372,大盘成长,3954.897,-40.956,-1.025,3995.853,3995.553,4012.223,3954.728,3559372531,86271697512
sz399373,大盘价值,7866.321,77.004,0.989,7789.317,7809.324,7897.635,7809.324,5385538660,56019944021
sz399374,中盘成长,3548.571,-28.17,-0.788,3576.741,3575.203,3592.65,3548.562,2128788807,42906090144
sz399375,中盘价值,4945.95,21.754,0.442,4924.196,4928.916,4975.922,4928.916,3663535023,27625375416
sz399376,小盘成长,4504.601,-54.482,-1.195,4559.083,4563.498,4584.454,4504.601,2986912775,48697019036
sz399377,小盘价值,6338.705,21.977,0.348,6316.728,6340.243,6406.022,6338.705,5062406527,33522440582
sz399378,ESG 300,2355.952,-10.128,-0.428,2366.08,2368.858,2378.744,2355.952,12046507472,220330445590
sz399379,国证基金,7385.187,-50.301,-0.676,7435.488,7446.619,7457.3,7385.187,134783481537,179988965587
sz399380,国证ETF,1453.295,-10.865,-0.742,1464.16,1466.484,1468.669,1453.295,133985956360,178479418782
sz399381,1000能源,2918.796,33.636,1.166,2885.16,2887.939,2925.959,2886.319,1589941424,9753964966
sz399382,1000材料,2412.287,14.798,0.617,2397.489,2399.948,2431.98,2399.948,4442938442,41822698337
sz399383,1000工业,2317.96,-20.218,-0.865,2338.178,2339.724,2352.736,2317.96,5836839229,75822955984
sz399384,1000可选,3850.088,-6.489,-0.168,3856.577,3863.306,3880.71,3850.088,3389109615,47615608670
sz399385,1000消费,9445.865,-8.28,-0.088,9454.145,9456.646,9522.744,9440.963,937168046,21363285276
sz399386,1000医药,5281.884,-0.035,-0.001,5281.919,5289.857,5343.047,5281.884,799892475,19229093300
sz399387,1000金融,5065.792,-12.427,-0.245,5078.219,5093.237,5126.771,5065.792,7096568631,66079100262
sz399388,1000信息,4540.219,-109.07,-2.346,4649.289,4660.423,4662.162,4540.219,6326219167,169082579101
sz399389,国证通信,4444.073,-172.705,-3.741,4616.778,4563.449,4563.449,4444.073,2377604328,66780673707
sz399390,1000公用,2522.866,39.199,1.578,2483.667,2488.586,2533.339,2488.586,1733573413,12665641300
sz399391,投资时钟,3048.993,6.906,0.227,3042.087,3048.284,3066.856,3045.778,3310081956,44809364225
sz399392,国证新兴,2346.822,-24.714,-1.042,2371.536,2372.365,2380.346,2346.822,5758699810,154514474625
sz399393,国证地产,3000.155,-36.449,-1.2,3036.604,3039.081,3077.44,3000.155,1663187655,8540392625
sz399394,国证医药,7827.259,6.651,0.085,7820.608,7831.693,7912.992,7827.259,635736839,17707076873
sz399395,国证有色,5230.515,-14.521,-0.277,5245.036,5237.882,5286.631,5223.187,1634707559,19795028410
sz399396,国证食品,18371.777,-19.018,-0.103,18390.795,18395.182,18521.219,18354.805,370570149,16540437356
sz399397,国证文化,1940.99,-11.204,-0.574,1952.194,1970.144,1974.251,1940.99,3733573575,44557006578
sz399398,绩效指数,10017.628,-15.978,-0.159,10033.606,10048.083,10102.344,10017.628,1410815043,44035318995
sz399399,中经GDP,6816.391,1.716,0.025,6814.675,6831.403,6859.872,6816.391,12749695756,180679707269
sz399400,大中盘,3403.337,-17.382,-0.508,3420.719,3423.764,3436.348,3403.337,21052564662,362967133541
sz399401,中小盘,3689.194,-38.757,-1.04,3727.951,3736.453,3746.662,3689.194,21519062663,282665883863
sz399402,周期100,2982.799,-25.74,-0.856,3008.539,3010.396,3025.682,2982.799,5097867914,83626689561
sz399403,防御100,7162.745,-53.145,-0.736,7215.89,7198.673,7227.549,7162.745,2418505881,65589714485
sz399404,大盘低波,6408.877,83.141,1.314,6325.736,6337.075,6427.674,6337.075,4343660165,42645176334
sz399405,大盘高贝,2183.487,-52.028,-2.327,2235.515,2230.539,2238.841,2183.393,2630187159,101267661556
sz399406,中盘低波,12137.308,62.599,0.518,12074.709,12087.701,12218.411,12087.701,2589000877,22011514978
sz399407,中盘高贝,2150.24,-44.487,-2.027,2194.727,2199.224,2202.287,2150.24,2664256448,75090089754
sz399408,小盘低波,13389.414,67.878,0.51,13321.536,13341.466,13510.957,13341.466,4025416474,22946213438
sz399409,小盘高贝,4538.104,-115.332,-2.478,4653.436,4666.485,4673.959,4538.104,3974437961,72701491393
sz399410,苏州率先,1807.346,-63.6,-3.399,1870.946,1852.515,1855.055,1807.346,583092287,17455691604
sz399411,红利100,3410.174,32.107,0.95,3378.067,3381.382,3422.971,3380.249,4217317452,35336348891
sz399412,国证新能,2190.912,-32.009,-1.44,2222.921,2222.824,2238.587,2190.912,1685455398,32957038328
sz399413,国证转债,156.13,-0.627,-0.4,156.757,156.812,157.192,156.041,290123797,42577831719
sz399415,I100,5733.96,-18.536,-0.322,5752.496,5758.548,5785.513,5733.96,4435902629,79723420115
sz399416,I300,3444.603,-41.121,-1.18,3485.724,3490.086,3505.87,3444.603,2416195890,42570379061
sz399417,新能源车,2592.283,-42.241,-1.603,2634.524,2632.787,2645.695,2592.283,976473815,30868394906
sz399418,数据要素,3664.542,-45.998,-1.24,3710.54,3781.596,3786.114,3664.542,2570087955,65458358681
sz399419,国证高铁,1782.148,-9.264,-0.517,1791.412,1794.422,1802.365,1781.435,1133192526,11541010932
sz399420,国证保证,1359.172,-27.464,-1.981,1386.636,1390.06,1390.76,1359.172,1763167264,28610992125
sz399422,中关村A,2871.493,-31.419,-1.082,2902.912,2915.821,2919.808,2871.493,8411756086,109755917307
sz399423,中关村50,2325.324,-36.079,-1.528,2361.403,2361.832,2364.098,2325.324,1378706139,32226783603
sz399428,国证定增,2847.154,-44.279,-1.531,2891.433,2901.964,2909.652,2847.154,1627138388,23386485842
sz399429,新丝路,1250.545,-4.362,-0.348,1254.907,1256.376,1264.662,1250.523,1827006405,18275734407
sz399431,国证银行,7498.364,103.202,1.396,7395.162,7418.136,7527.562,7418.136,3209940685,24116609930
sz399432,智能汽车,4574.302,-77.534,-1.667,4651.836,4660.396,4666.962,4574.302,1129410903,37371897576
sz399433,国证交运,1658.095,8.882,0.539,1649.213,1651.664,1667.685,1651.664,1874950387,13238579371
sz399434,数字传媒,1812.132,-1.243,-0.069,1813.375,1845.339,1852.65,1811.884,3303945602,32761360250
sz399435,国证农牧,3537.469,25.958,0.739,3511.511,3519.267,3574.155,3519.267,755345605,6341498469
sz399436,绿色煤炭,3843.755,31.306,0.821,3812.449,3821.0,3864.635,3821.0,1099539635,5667494892
sz399437,证券龙头,6059.374,-149.3,-2.405,6208.674,6225.71,6226.201,6059.374,1481829267,23638746774
sz399438,绿色电力,1895.778,21.406,1.142,1874.372,1877.881,1905.019,1877.881,1744800238,13078390934
sz399439,国证油气,1663.786,12.741,0.772,1651.045,1651.425,1670.681,1651.425,1492930956,10609461109
sz399440,国证钢铁,1143.731,13.161,1.164,1130.57,1130.751,1153.726,1130.751,1753379392,7371159823
sz399441,生物医药,1954.292,-7.243,-0.369,1961.535,1966.238,1982.139,1954.286,210689742,5708973381
sz399481,企债指数,127.874,0.022,0.017,127.852,127.853,127.876,127.853,9604170,880310157
sz399550,央视50,7207.737,28.284,0.394,7179.453,7206.927,7243.053,7199.441,2268732629,47604897439
sz399551,央视创新,7865.982,-141.227,-1.764,8007.209,8054.748,8057.938,7865.982,1570189751,44322780923
sz399552,央视成长,8007.115,38.626,0.485,7968.489,7988.107,8045.469,7988.107,1931805344,38217975136
sz399553,央视回报,6708.166,-10.075,-0.15,6718.241,6715.114,6762.319,6708.166,727074224,23971472158
sz399554,央视治理,7052.319,27.848,0.396,7024.471,7050.59,7090.608,7045.125,2498195867,41257346717
sz399555,央视责任,5050.948,16.335,0.324,5034.613,5055.886,5081.046,5050.079,2939299502,38130223530
sz399556,央视生态,2283.32,-10.364,-0.452,2293.684,2294.357,2308.645,2283.32,1897391390,33246268950
sz399557,央视文化,1614.133,-13.829,-0.849,1627.962,1643.484,1646.653,1614.133,3733573575,44557006578
sz399602,中小成长,953.317,-11.8,-1.223,965.117,962.13,967.254,953.317,2593869635,45397413732
sz399604,中小价值,1792.649,-1.261,-0.07,1793.91,1795.504,1808.887,1792.649,3086713995,28328275859
sz399606,创业板R,2260.184,-63.539,-2.734,2323.723,2320.799,2325.156,2260.184,2528978726,88950540831
sz399608,科技100,2931.048,-64.596,-2.156,2995.644,2994.413,2998.853,2931.048,2793771715,89687208582
sz399610,TMT50,6055.986,-179.525,-2.879,6235.511,6230.053,6231.168,6055.986,2633185723,88326548873
sz399611,中创100R,2220.219,-38.922,-1.723,2259.141,2256.891,2262.462,2220.219,3153508751,103264438931
sz399612,中创100,1908.472,-34.027,-1.752,1942.499,1939.995,1944.784,1908.472,3153508751,103264438931
sz399613,深证能源,2867.179,22.511,0.791,2844.668,2849.245,2885.146,2849.245,232390416,1748806127
sz399614,深证材料,2456.577,9.909,0.405,2446.668,2450.117,2485.49,2450.117,2268654242,24459867825
sz399615,深证工业,2961.286,-47.987,-1.595,3009.273,3006.664,3022.649,2961.286,2976097004,55908418527
sz399616,深证可选,6051.565,-17.766,-0.293,6069.331,6090.642,6114.224,6051.565,2971908725,35550712312
sz399617,深证消费,9026.193,17.008,0.189,9009.185,9003.848,9089.062,9003.848,282835592,7143349493
sz399618,深证医药,7813.611,-5.911,-0.076,7819.522,7832.702,7909.451,7813.305,494284425,11107284134
sz399619,深证金融,6502.91,-89.568,-1.359,6592.478,6611.749,6641.309,6502.91,1465190459,19946530999
sz399620,深证信息,4166.658,-101.811,-2.385,4268.469,4286.826,4289.2,4166.658,5583414502,123087304487
sz399621,深证电信,5079.596,-342.922,-6.324,5422.518,5302.058,5302.058,5079.596,835934782,38446834078
sz399622,深证公用,1582.859,16.493,1.053,1566.366,1570.516,1591.533,1570.516,544577470,2984241239
sz399623,中小基础,6889.249,-79.247,-1.137,6968.496,6967.405,6991.998,6889.249,9902789527,132864360101
sz399624,中创400,1904.809,-38.693,-1.991,1943.502,1947.349,1951.261,1904.809,10584983487,152320914643
sz399625,中创500,1734.384,-32.881,-1.861,1767.265,1767.555,1771.192,1734.384,13738492238,255585353574
sz399626,中创成长,1359.366,-24.151,-1.746,1383.517,1383.157,1387.698,1359.366,3066810745,78120206978
sz399627,中创价值,2068.113,-8.585,-0.413,2076.698,2079.734,2090.582,2068.113,4256890911,51334090666
sz399628,700成长,1802.998,-40.135,-2.178,1843.133,1838.954,1843.768,1802.998,3883274866,70974418107
sz399629,700价值,2448.146,-14.975,-0.608,2463.121,2470.326,2486.025,2448.146,5078699526,38178396047
sz399630,1000成长,1239.024,-21.834,-1.732,1260.858,1259.14,1263.907,1239.024,6935756109,157330846852
sz399631,1000价值,2007.037,-1.65,-0.082,2008.687,2012.377,2024.988,2007.037,9268969908,94305104091
sz399632,深100EW,4185.627,-43.4,-1.026,4229.027,4225.643,4241.279,4185.571,4374352926,123026016186
sz399633,深300EW,4667.986,-41.052,-0.872,4709.038,4717.156,4734.943,4667.986,9615567138,204488675935
sz399634,中小等权,3190.671,-17.609,-0.549,3208.28,3211.199,3227.65,3190.671,3046693727,58720815651
sz399635,创业板EW,1487.094,-32.889,-2.164,1519.983,1522.011,1523.745,1487.094,2528978726,88950540831
sz399636,深证装备,4739.743,-125.343,-2.576,4865.086,4842.318,4856.69,4739.743,2316039519,66055762031
sz399637,深证地产,1641.471,-19.922,-1.199,1661.393,1655.457,1686.568,1641.471,914155208,4104376918
sz399638,深证环保,5021.041,-69.019,-1.356,5090.06,5093.161,5131.515,5021.041,887605412,18741077824
sz399639,深证大宗,1527.857,9.996,0.659,1517.861,1518.855,1541.992,1518.855,1247553200,13112461566
sz399640,创业基础,2026.159,-53.324,-2.564,2079.483,2083.096,2086.091,2026.159,12320803166,247974322162
sz399641,深证新兴,2033.626,-35.993,-1.739,2069.619,2070.012,2074.088,2033.626,6255422328,168056440800
sz399642,中小新兴,1682.188,-22.496,-1.32,1704.684,1704.227,1708.05,1682.188,3715353955,63570334706
sz399643,创业新兴,2529.302,-77.295,-2.965,2606.597,2603.68,2606.764,2529.302,3004934993,96537540797
sz399644,深证时钟,3261.014,-8.467,-0.259,3269.481,3273.251,3290.029,3261.014,2463352373,29087189854
sz399645,100低波,8797.45,58.985,0.675,8738.465,8751.103,8850.982,8751.103,1933007079,28929158401
sz399646,深消费50,7476.263,1.04,0.014,7475.223,7480.408,7528.678,7474.517,1160989400,24974238576
sz399647,深医药50,7635.899,-6.752,-0.088,7642.651,7654.084,7731.785,7635.899,486688242,10373271176
sz399648,深证GDP,10241.81,-14.089,-0.137,10255.899,10271.408,10360.927,10241.81,4485827269,85840620096
sz399649,中小红利,2625.39,0.078,0.003,2625.312,2624.173,2647.328,2624.173,1202600202,11377497196
sz399650,中小治理,2050.705,-23.983,-1.156,2074.688,2064.463,2070.335,2050.705,772253928,19364131843
sz399651,中小责任,1421.063,-6.294,-0.441,1427.357,1425.842,1434.794,1421.063,974548678,21082068598
sz399652,中创高新,2977.349,-48.353,-1.598,3025.702,3067.471,3071.704,2977.194,1101691261,32679761395
sz399653,深证龙头,2392.189,-23.962,-0.992,2416.151,2416.596,2426.047,2392.189,2268043068,60910819200
sz399654,深证文化,2442.573,-19.131,-0.777,2461.704,2492.591,2501.168,2442.573,4460062849,53643132887
sz399655,深证绩效,9852.693,-65.081,-0.656,9917.774,9922.462,9968.418,9852.693,1422790435,41909475328
sz399656,100绩效,5409.369,-54.603,-0.999,5463.972,5446.641,5469.106,5409.369,4374352926,123026016186
sz399657,300绩效,5611.451,-31.461,-0.558,5642.912,5646.328,5672.261,5611.451,9615567138,204488675935
sz399658,中小绩效,3730.828,-14.35,-0.383,3745.178,3743.375,3769.922,3730.828,3046693727,58720815651
sz399659,深成指EW,3562.339,-39.876,-1.107,3602.215,3607.702,3621.022,3562.339,16080694207,282138212859
sz399660,中创EW,1934.123,-26.352,-1.344,1960.475,1959.485,1963.6,1934.123,3153508751,103264438931
sz399661,深证低波,5238.128,38.652,0.743,5199.476,5207.146,5272.906,5207.146,3057806525,37940363839
sz399662,深证高贝,1567.57,-39.782,-2.475,1607.352,1610.273,1612.855,1567.57,2863442078,102512759305
sz399663,中小低波,1699.017,7.05,0.417,1691.967,1694.682,1713.982,1694.682,1967560426,21138569047
sz399664,中小高贝,1035.92,-27.086,-2.548,1063.006,1061.138,1064.854,1035.92,3156805157,52369837171
sz399665,中创低波,1879.738,-2.559,-0.136,1882.297,1884.545,1899.114,1879.738,4901644041,62274759281
sz399666,中创高贝,1398.993,-41.417,-2.875,1440.41,1443.712,1446.039,1398.993,5841807183,144762326757
sz399667,创业成长,3171.673,-111.022,-3.382,3282.695,3267.627,3268.44,3171.673,1942273166,73257846569
sz399668,创业板V,3953.634,-62.617,-1.559,4016.251,4028.389,4040.934,3953.634,2429214719,42986360811
sz399669,深证农业,7409.477,26.438,0.358,7383.039,7392.009,7472.076,7392.009,722959915,13351138413
sz399670,深周期50,3177.316,-53.44,-1.654,3230.756,3226.725,3241.68,3177.316,2363447490,43506856579
sz399671,深防御50,6803.927,-118.037,-1.705,6921.964,6878.093,6906.182,6803.927,1253001570,41810419413
sz399672,深红利50,3828.256,17.161,0.45,3811.095,3813.457,3861.423,3812.482,1041886166,9367739201
sz399673,创业板50,2072.445,-66.581,-3.113,2139.026,2134.546,2138.301,2072.445,1766247441,73752274113
sz399674,深A医药,1710.556,-3.535,-0.206,1714.091,1717.734,1733.582,1710.556,1638158943,20688015034
sz399675,深互联网,2876.611,-52.354,-1.787,2928.965,2985.181,2993.387,2876.611,5722364605,102928864953
sz399676,深医药EW,2866.031,-6.882,-0.24,2872.913,2881.611,2911.958,2866.031,1638158943,20688015034
sz399677,深互联EW,4593.915,-54.366,-1.17,4648.281,4736.913,4756.263,4590.67,5722364605,102928864953
sz399678,深次新股,449.823,-9.635,-2.097,459.458,460.179,461.563,449.823,293035866,10857169130
sz399679,深证200R,4403.946,-48.029,-1.079,4451.975,4465.56,4478.288,4403.946,5241214212,81462659749
sz399680,深成能源,643.127,8.011,1.261,635.116,636.532,645.585,636.427,149590524,1222035501
sz399681,深成材料,848.535,5.485,0.651,843.05,844.335,857.896,844.335,1885459807,19939944378
sz399682,深成工业,1347.095,-20.352,-1.488,1367.447,1366.446,1374.365,1347.095,2338194086,43933758063
sz399683,深成可选,1765.535,-2.446,-0.138,1767.981,1772.166,1780.49,1765.535,2246917384,25747703966
sz399684,深成消费,1812.03,1.345,0.074,1810.685,1810.884,1826.121,1810.527,357020716,8293558855
sz399685,深成医药,1584.473,-1.907,-0.12,1586.38,1588.586,1604.26,1584.473,546121520,11116695302
sz399686,深成金融,1989.746,-43.948,-2.161,2033.694,2038.175,2045.917,1989.746,2238684760,23472492145
sz399687,深成信息,2789.125,-65.394,-2.291,2854.519,2868.062,2869.344,2789.125,4899656809,111309765140
sz399688,深成电信,2478.663,-179.201,-6.742,2657.864,2592.229,2592.229,2478.663,603468037,32141814322
sz399689,深成公用,801.527,8.83,1.114,792.697,794.831,805.606,794.831,492109720,2625171208
sz399692,创业低波,3137.466,-29.776,-0.94,3167.242,3175.656,3187.613,3137.466,1618989654,31591327654
sz399693,安防产业,4023.879,-77.533,-1.89,4101.412,4132.607,4147.466,4023.86,1413166355,25374291003
sz399694,创业高贝,2980.838,-83.59,-2.728,3064.428,3084.775,3091.65,2980.838,3572325283,89625272293
sz399695,深证节能,2015.707,-28.182,-1.379,2043.889,2047.806,2058.705,2015.707,2012755319,34640299961
sz399696,深证创投,2574.042,-72.819,-2.751,2646.861,2653.534,2654.597,2573.959,4015726498,66761494245
sz399697,中关村60,2867.639,-55.92,-1.913,2923.559,2961.995,2966.284,2867.639,2468634540,33561392242
sz399698,优势成长,39439.48,-251.739,-0.634,39691.219,39701.754,40310.887,39437.992,328616753,4942247089
sz399699,金融科技,3693.595,-104.595,-2.754,3798.19,3843.364,3850.676,3693.595,2811695252,64441735915
sz399701,深证F60,7438.459,-12.889,-0.173,7451.348,7454.382,7513.925,7438.459,3786894309,62931205611
sz399702,深证F120,6713.952,-14.632,-0.217,6728.584,6735.309,6786.208,6713.952,5878081316,95742479861
sz399703,深证F200,6493.548,-17.768,-0.273,6511.316,6519.979,6566.803,6493.548,7549252246,120191210805
sz399704,深证上游,4002.058,-18.828,-0.468,4020.886,4017.811,4056.012,4002.058,1073165480,12798339735
sz399705,深证中游,2810.816,-57.116,-1.992,2867.932,2861.552,2868.367,2810.796,4390250086,110315536477
sz399706,深证下游,5286.703,-17.202,-0.324,5303.905,5324.486,5337.839,5286.703,2769248229,66849076968
sz399707,CSSW证券,5915.036,-161.062,-2.651,6076.098,6088.542,6091.185,5915.036,2703487682,31499705395
sz399750,深主板50,8191.003,-12.069,-0.147,8203.072,8218.395,8254.947,8191.003,2755235371,50697615875
sz399802,500深市,4933.332,-64.063,-1.282,4997.395,5012.652,5025.906,4933.332,6266666097,86444681326
sz399803,工业4.0,3793.966,-108.93,-2.791,3902.896,3904.057,3906.209,3793.966,2244503277,59873231624
sz399804,中证体育,1503.597,-5.078,-0.337,1508.675,1516.794,1520.906,1501.213,976168038,11745781585
sz399805,互联金融,3073.493,-73.589,-2.338,3147.082,3177.754,3189.089,3073.493,3070219770,52918186404
sz399806,环境治理,1121.488,0.445,0.04,1121.043,1123.373,1136.574,1120.245,810512359,5071579153
sz399807,高铁产业,1284.81,4.653,0.363,1280.157,1283.333,1293.245,1283.333,970917875,6824730306
sz399808,中证新能,1869.123,-21.858,-1.156,1890.981,1890.265,1908.57,1869.123,1716672916,30463872707
sz399809,保险主题,2125.514,-5.29,-0.248,2130.804,2139.422,2159.306,2124.746,2291331734,19851760132
sz399810,CSSW传媒,2578.024,-0.218,-0.008,2578.242,2612.996,2623.235,2575.024,4032335031,43816786737
sz399811,CSSW电子,3607.658,-100.688,-2.715,3708.346,3691.877,3692.101,3607.658,3044453835,96036462220
sz399812,养老产业,5771.656,-7.151,-0.124,5778.807,5784.503,5830.71,5771.656,1400317329,23635462625
sz399813,中证国安,5610.458,-92.788,-1.627,5703.246,5744.01,5756.444,5610.458,4231701399,73101125102
sz399814,大农业,987.874,7.246,0.739,980.628,983.002,996.128,983.002,766167070,12360364395
sz399850,深证50,7093.361,-94.789,-1.319,7188.15,7189.525,7209.866,7093.361,2902914262,88356355461
sz399852,中证1000,5846.068,-92.062,-1.55,5938.13,5946.729,5964.15,5846.068,18864620000,253588513601
sz399901,小康指数,5743.188,41.342,0.725,5701.846,5715.248,5767.694,5715.248,5641141400,58175293601
sz399903,中证100,3615.238,-13.257,-0.365,3628.495,3631.546,3646.628,3615.116,6198739800,141144081833
sz399905,中证 500,5589.343,-60.607,-1.073,5649.95,5660.485,5676.026,5589.343,13654605600,163085841548
sz399913,300 医药,7558.203,-2.008,-0.027,7560.211,7573.884,7643.318,7558.203,273244800,9387353615
sz399914,300 金融,6082.985,-6.063,-0.1,6089.048,6106.97,6151.818,6082.836,4671240200,51857684617
sz399928,中证能源,2782.424,30.339,1.102,2752.085,2755.382,2789.894,2753.534,1517487200,9182783378
sz399932,中证消费,15313.161,11.054,0.072,15302.107,15306.002,15435.442,15302.705,469561700,17275041085
sz399933,中证医药,7423.416,2.654,0.036,7420.762,7432.323,7507.807,7423.416,737067700,18354447374
sz399934,中证金融,5678.956,-18.042,-0.317,5696.998,5713.29,5751.653,5678.956,7101515600,67458546551
sz399935,中证信息,4545.766,-111.042,-2.385,4656.808,4663.854,4664.356,4545.766,3893576600,128098145759
sz399959,军工指数,1373.9,-13.711,-0.988,1387.611,1390.291,1398.256,1373.9,303178318,8342295991
sz399965,800地产,2621.238,-33.126,-1.248,2654.364,2658.501,2689.204,2621.238,664365339,4493391177
sz399966,800非银,5717.85,-121.872,-2.087,5839.722,5854.315,5860.978,5717.85,2750602803,35998114980
sz399967,中证军工,10012.891,-115.98,-1.145,10128.871,10153.677,10206.738,10012.891,1126353340,22127401333
sz399970,移动互联,3185.551,-77.755,-2.383,3263.306,3281.104,3282.827,3185.551,6110091393,137076472654
sz399971,中证传媒,1151.11,1.72,0.15,1149.39,1164.572,1169.068,1150.8,2847936061,27394866706
sz399972,300深市,4380.616,-55.1,-1.242,4435.716,4434.231,4448.129,4380.592,4694014252,129989046428
sz399973,中证国防,1342.845,-13.92,-1.026,1356.765,1358.617,1365.541,1342.845,444837498,10504707515
sz399974,国企改革,1654.274,-2.541,-0.153,1656.815,1663.805,1668.296,1654.274,4511856314,83592875483
sz399975,证券公司,771.245,-21.007,-2.652,792.252,793.893,794.219,771.245,2712668277,31558120506
sz399976,CS新能车,2852.377,-48.667,-1.678,2901.044,2900.904,2915.39,2852.377,696381921,22494449905
sz399982,500等权,6919.825,-52.232,-0.749,6972.057,6985.813,7014.184,6919.825,13654605600,163085841548
sz399983,地产等权,2231.73,-27.3,-1.208,2259.03,2265.464,2296.463,2231.73,394233383,3008701528
sz399986,中证银行,7140.764,99.315,1.41,7041.449,7062.817,7168.503,7062.817,3644571583,25693797121
sz399987,中证酒,5446.286,-32.557,-0.594,5478.843,5474.352,5502.864,5436.279,204536244,11276786375
sz399989,中证医疗,6236.14,-27.793,-0.444,6263.933,6269.735,6330.479,6236.14,353284052,8858520350
sz399990,煤炭等权,2736.122,23.265,0.858,2712.857,2722.458,2760.611,2722.458,1215303742,6029956085
sz399991,一带一路,2029.767,-16.543,-0.808,2046.31,2040.328,2051.07,2029.767,4861944389,60578987484
sz399992,CSWD并购,1620.74,-32.251,-1.951,1652.991,1652.079,1659.887,1620.74,1336867611,18636628855
sz399993,CSWD生科,2232.656,-10.144,-0.452,2242.8,2247.554,2264.869,2232.656,416844619,9037312960
sz399994,信息安全,1529.3,-28.512,-1.83,1557.812,1583.251,1584.448,1529.3,3059613913,51244456231
sz399995,基建工程,3563.396,11.334,0.319,3552.062,3561.64,3593.306,3558.978,1221340043,7566474477
sz399996,智能家居,3445.99,-69.009,-1.963,3514.999,3515.759,3518.134,3445.99,3756062481,110291229141
sz399997,中证白酒,9649.398,-62.058,-0.639,9711.456,9694.936,9747.311,9624.144,95951306,9853403483
sz399998,中证煤炭,2017.938,16.586,0.829,2001.352,2006.086,2029.812,2006.086,1215303742,6029956085
sz970070,CNTAI50,2912.885,-144.113,-4.714,3056.998,3051.165,3054.035,2912.885,2844734426,79498493094
sz980015,疫苗生科,6024.121,-19.587,-0.324,6043.708,6063.295,6110.095,6024.121,333359584,9315281617
sz980016,医疗健康,5667.938,1.127,0.02,5666.811,5673.155,5735.025,5667.938,454483535,12888564807
sz980022,CNIRI,2013.606,-60.261,-2.906,2073.867,2082.367,2082.936,2013.606,2580590128,56061601311
sz980027,CNINEB,2110.417,-60.265,-2.776,2170.682,2158.78,2170.949,2110.417,885298963,21565029632
sz980028,龙头家电,11538.323,-0.622,-0.005,11538.945,11531.557,11617.904,11517.416,387322540,11256441748
sz980030,消费电子,5488.23,-107.952,-1.929,5596.182,5589.76,5589.76,5488.23,1868788191,46066745910
sz980032,新能电池,9501.845,-130.183,-1.352,9632.028,9629.705,9690.279,9501.845,521924065,17044693202
sz980035,化肥农药,1568.098,14.973,0.964,1553.125,1559.447,1584.756,1559.447,1285868940,11792079292
sz980076,通用航空,2726.682,-47.161,-1.7,2773.843,2776.363,2786.982,2726.682,590075266,11760100663
sz980092,CNIFCF,4589.58,-11.47,-0.249,4601.05,4603.121,4629.745,4589.215,3228569273,33038790110
